INSERT INTO BOOKS (bookID,title,pages) VALUES (90188,'Fundamentals of Wavelets',111);
INSERT INTO BOOKS (bookID,title,pages) VALUES (60859,'Data Smart',113);
INSERT INTO BOOKS (bookID,title,pages) VALUES (47657,'God Created the Integers',400);
INSERT INTO BOOKS (bookID,title,pages) VALUES (27181,'Superfreakonomics',400);
INSERT INTO BOOKS (bookID,title,pages) VALUES (21150,'Orientalism',403);
INSERT INTO BOOKS (bookID,title,pages) VALUES (38205,'Nature of Statistical Learning Theory',222);
INSERT INTO BOOKS (bookID,title,pages) VALUES (58661,'Integration of the Indian States',222);
INSERT INTO BOOKS (bookID,title,pages) VALUES (18302,'Drunkards Walk',22);
INSERT INTO BOOKS (bookID,title,pages) VALUES (73129,'Image Processing & Mathematical Morphology',22);
INSERT INTO BOOKS (bookID,title,pages) VALUES (47711,'How to Think Like Sherlock Holmes',1122);
INSERT INTO BOOKS (bookID,title,pages) VALUES (1801,'Data Scientists at Work',1122);
INSERT INTO BOOKS (bookID,title,pages) VALUES (40653,'Slaughterhouse Five',130);
INSERT INTO BOOKS (bookID,title,pages) VALUES (75419,'Birth of a Theorem',130);
INSERT INTO BOOKS (bookID,title,pages) VALUES (80760,'Structure & Interpretation of Computer Programs',122);
INSERT INTO BOOKS (bookID,title,pages) VALUES (38768,'Age of Wrath',122);
INSERT INTO BOOKS (bookID,title,pages) VALUES (56110,'Trial',1444);
INSERT INTO BOOKS (bookID,title,pages) VALUES (97153,'Statistical Decision Theory',100);
INSERT INTO BOOKS (bookID,title,pages) VALUES (23646,'Data Mining Handbook',100);
INSERT INTO BOOKS (bookID,title,pages) VALUES (34102,'New Machiavelli',150);
INSERT INTO BOOKS (bookID,title,pages) VALUES (67114,'Physics & Philosophy',150);
INSERT INTO BOOKS (bookID,title,pages) VALUES (8951,'Making Software',500);
INSERT INTO BOOKS (bookID,title,pages) VALUES (3650,'Analysis',500);
INSERT INTO BOOKS (bookID,title,pages) VALUES (87152,'Machine Learning for Hackers',500);
INSERT INTO BOOKS (bookID,title,pages) VALUES (51683,'Signal and the Noise',500);
INSERT INTO BOOKS (bookID,title,pages) VALUES (91357,'Python for Data Analysis',522);
INSERT INTO BOOKS (bookID,title,pages) VALUES (18965,'Introduction to Algorithms',522);
INSERT INTO BOOKS (bookID,title,pages) VALUES (39981,'Beautiful and the Damned',422);
INSERT INTO BOOKS (bookID,title,pages) VALUES (66749,'Outsider',422);
INSERT INTO BOOKS (bookID,title,pages) VALUES (45980,'Complete Sherlock Holmes - Vol I',122);
INSERT INTO BOOKS (bookID,title,pages) VALUES (60532,'Complete Sherlock Holmes - Vol II',122);
INSERT INTO BOOKS (bookID,title,pages) VALUES (62214,'Wealth of Nations',120);
INSERT INTO BOOKS (bookID,title,pages) VALUES (17287,'Pillars of the Earth',120);
INSERT INTO BOOKS (bookID,title,pages) VALUES (41290,'Tao of Physics',155);
INSERT INTO BOOKS (bookID,title,pages) VALUES (60479,'Surely Youre Joking Mr Feynman',155);
INSERT INTO BOOKS (bookID,title,pages) VALUES (22374,'Farewell to Arms',55);
INSERT INTO BOOKS (bookID,title,pages) VALUES (85058,'Veteran',55);
INSERT INTO BOOKS (bookID,title,pages) VALUES (39011,'False Impressions',55);
INSERT INTO BOOKS (bookID,title,pages) VALUES (99938,'Last Lecture',500);
INSERT INTO BOOKS (bookID,title,pages) VALUES (65670,'Return of the Primitive',500);
INSERT INTO BOOKS (bookID,title,pages) VALUES (5035,'Jurassic Park',199);
INSERT INTO BOOKS (bookID,title,pages) VALUES (7413,'Russian Journal',199);
INSERT INTO BOOKS (bookID,title,pages) VALUES (95660,'Tales of Mystery and Imagination',199);
INSERT INTO BOOKS (bookID,title,pages) VALUES (48515,'Freakonomics',199);
INSERT INTO BOOKS (bookID,title,pages) VALUES (7922,'Hidden Connections',199);
INSERT INTO BOOKS (bookID,title,pages) VALUES (51757,'Story of Philosophy',199);
INSERT INTO BOOKS (bookID,title,pages) VALUES (58949,'Asami Asami',199);
INSERT INTO BOOKS (bookID,title,pages) VALUES (37642,'Journal of a Novel',139);
INSERT INTO BOOKS (bookID,title,pages) VALUES (27606,'Once There Was a War',139);
INSERT INTO BOOKS (bookID,title,pages) VALUES (54746,'Moon is Down',139);
INSERT INTO BOOKS (bookID,title,pages) VALUES (95305,'Brethren',139);
INSERT INTO BOOKS (bookID,title,pages) VALUES (10697,'In a Free State',139);
INSERT INTO BOOKS (bookID,title,pages) VALUES (78451,'Catch 22',349);
INSERT INTO BOOKS (bookID,title,pages) VALUES (72286,'Complete Mastermind',349);
INSERT INTO BOOKS (bookID,title,pages) VALUES (7004,'Dylan on Dylan',349);
INSERT INTO BOOKS (bookID,title,pages) VALUES (91386,'Soft Computing & Intelligent Systems',349);
INSERT INTO BOOKS (bookID,title,pages) VALUES (95650,'Textbook of Economic Theory',249);
INSERT INTO BOOKS (bookID,title,pages) VALUES (98193,'Econometric Analysis',249);
INSERT INTO BOOKS (bookID,title,pages) VALUES (50994,'Learning OpenCV',249);
INSERT INTO BOOKS (bookID,title,pages) VALUES (2249,'Data Structures Using C & C++',249);
INSERT INTO BOOKS (bookID,title,pages) VALUES (47510,'Computer Vision',240);
INSERT INTO BOOKS (bookID,title,pages) VALUES (27709,'Principles of Communication Systems',240);
INSERT INTO BOOKS (bookID,title,pages) VALUES (30568,'Let Us C',240);
INSERT INTO BOOKS (bookID,title,pages) VALUES (86666,'Amulet of Samarkand',240);
INSERT INTO BOOKS (bookID,title,pages) VALUES (59549,'Crime and Punishment',340);
INSERT INTO BOOKS (bookID,title,pages) VALUES (88259,'Angels & Demons',340);
INSERT INTO BOOKS (bookID,title,pages) VALUES (30200,'Argumentative Indian',340);
INSERT INTO BOOKS (bookID,title,pages) VALUES (33853,'Sea of Poppies',340);
INSERT INTO BOOKS (bookID,title,pages) VALUES (39230,'Idea of Justice',120);
INSERT INTO BOOKS (bookID,title,pages) VALUES (70130,'Raisin in the Sun',120);
INSERT INTO BOOKS (bookID,title,pages) VALUES (14393,'All the Presidents Men',120);
INSERT INTO BOOKS (bookID,title,pages) VALUES (95220,'Prisoner of Birth',120);
INSERT INTO BOOKS (bookID,title,pages) VALUES (9824,'Scoop!',111);
INSERT INTO BOOKS (bookID,title,pages) VALUES (86932,'Ahe Manohar Tari',111);
INSERT INTO BOOKS (bookID,title,pages) VALUES (75155,'Last Mughal',111);
INSERT INTO BOOKS (bookID,title,pages) VALUES (50047,'Social Choice & Welfare',111);
INSERT INTO BOOKS (bookID,title,pages) VALUES (58442,'Radiowaril Bhashane & Shrutika',111);
INSERT INTO BOOKS (bookID,title,pages) VALUES (34095,'Gun Gayin Awadi',111);
INSERT INTO BOOKS (bookID,title,pages) VALUES (20244,'Aghal Paghal',119);
INSERT INTO BOOKS (bookID,title,pages) VALUES (93630,'Maqta-e-Ghalib',119);
INSERT INTO BOOKS (bookID,title,pages) VALUES (77652,'Beyond Degrees',119);
INSERT INTO BOOKS (bookID,title,pages) VALUES (28878,'Manasa',119);
INSERT INTO BOOKS (bookID,title,pages) VALUES (86535,'India from Midnight to Milennium',119);
INSERT INTO BOOKS (bookID,title,pages) VALUES (82067,'Worlds Greatest Trials',219);
INSERT INTO BOOKS (bookID,title,pages) VALUES (38427,'Great Indian Novel',219);
INSERT INTO BOOKS (bookID,title,pages) VALUES (88005,'O Jerusalem!',219);
INSERT INTO BOOKS (bookID,title,pages) VALUES (73221,'City of Joy',219);
INSERT INTO BOOKS (bookID,title,pages) VALUES (22662,'Freedom at Midnight',219);
INSERT INTO BOOKS (bookID,title,pages) VALUES (58947,'Winter of Our Discontent',219);
INSERT INTO BOOKS (bookID,title,pages) VALUES (15000,'On Education',219);
INSERT INTO BOOKS (bookID,title,pages) VALUES (27050,'Free Will',239);
INSERT INTO BOOKS (bookID,title,pages) VALUES (72055,'Bookless in Baghdad',239);
INSERT INTO BOOKS (bookID,title,pages) VALUES (84808,'Case of the Lame Canary',239);
INSERT INTO BOOKS (bookID,title,pages) VALUES (43706,'Theory of Everything',239);
INSERT INTO BOOKS (bookID,title,pages) VALUES (63645,'New Markets & Other Essays',239);
INSERT INTO BOOKS (bookID,title,pages) VALUES (62705,'Electric Universe',239);
INSERT INTO BOOKS (bookID,title,pages) VALUES (69453,'Hunchback of Notre Dame',101);
INSERT INTO BOOKS (bookID,title,pages) VALUES (42916,'Burning Bright',101);
INSERT INTO BOOKS (bookID,title,pages) VALUES (84057,'Age of Discontuinity',101);
INSERT INTO BOOKS (bookID,title,pages) VALUES (49445,'Doctor in the Nude',101);
INSERT INTO BOOKS (bookID,title,pages) VALUES (66093,'Down and Out in Paris & London',101);
INSERT INTO BOOKS (bookID,title,pages) VALUES (84509,'Identity & Violence',101);
INSERT INTO BOOKS (bookID,title,pages) VALUES (48722,'Beyond the Three Seas',99);
INSERT INTO BOOKS (bookID,title,pages) VALUES (34337,'Worlds Greatest Short Stories',99);
INSERT INTO BOOKS (bookID,title,pages) VALUES (80013,'Talking Straight',99);
INSERT INTO BOOKS (bookID,title,pages) VALUES (84730,'Maughams Collected Short Stories',99);
INSERT INTO BOOKS (bookID,title,pages) VALUES (92565,'Phantom of Manhattan',99);
INSERT INTO BOOKS (bookID,title,pages) VALUES (47386,'Ashenden of The British Agent',99);
INSERT INTO BOOKS (bookID,title,pages) VALUES (99672,'Zen & The Art of Motorcycle Maintenance',116);
INSERT INTO BOOKS (bookID,title,pages) VALUES (70742,'Great War for Civilization',116);
INSERT INTO BOOKS (bookID,title,pages) VALUES (33441,'We the Living',116);
INSERT INTO BOOKS (bookID,title,pages) VALUES (16683,'Artist and the Mathematician',116);
INSERT INTO BOOKS (bookID,title,pages) VALUES (91117,'History of Western Philosophy',116);
INSERT INTO BOOKS (bookID,title,pages) VALUES (84936,'Selected Short Stories',116);
INSERT INTO BOOKS (bookID,title,pages) VALUES (68052,'Rationality & Freedom',116);
INSERT INTO BOOKS (bookID,title,pages) VALUES (28974,'Clash of Civilizations and Remaking of the World Order',133);
INSERT INTO BOOKS (bookID,title,pages) VALUES (50776,'Uncommon Wisdom',133);
INSERT INTO BOOKS (bookID,title,pages) VALUES (57296,'One',133);
INSERT INTO BOOKS (bookID,title,pages) VALUES (52099,'Karl Marx Biography',133);
INSERT INTO BOOKS (bookID,title,pages) VALUES (57981,'To Sir With Love',133);
INSERT INTO BOOKS (bookID,title,pages) VALUES (70579,'Half A Life',133);
INSERT INTO BOOKS (bookID,title,pages) VALUES (11086,'Discovery of India',123);
INSERT INTO BOOKS (bookID,title,pages) VALUES (55340,'Apulki',123);
INSERT INTO BOOKS (bookID,title,pages) VALUES (91511,'Unpopular Essays',123);
INSERT INTO BOOKS (bookID,title,pages) VALUES (25359,'Deceiver',123);
INSERT INTO BOOKS (bookID,title,pages) VALUES (83424,'Veil: Secret Wars of the CIA',123);
INSERT INTO BOOKS (bookID,title,pages) VALUES (21259,'Char Shabda',123);
INSERT INTO BOOKS (bookID,title,pages) VALUES (33522,'Rosy is My Relative',344);
INSERT INTO BOOKS (bookID,title,pages) VALUES (40673,'Moon and Sixpence',344);
INSERT INTO BOOKS (bookID,title,pages) VALUES (58963,'Political Philosophers',344);
INSERT INTO BOOKS (bookID,title,pages) VALUES (60090,'Empire of the Mughal - Ruler of the World',344);
INSERT INTO BOOKS (bookID,title,pages) VALUES (80708,'Empire of the Mughal - The Serpents Tooth',344);
INSERT INTO BOOKS (bookID,title,pages) VALUES (67915,'Short History of the World',344);
INSERT INTO BOOKS (bookID,title,pages) VALUES (13926,'Trembling of a Leaf',344);
INSERT INTO BOOKS (bookID,title,pages) VALUES (83605,'Doctor on the Brain',344);
INSERT INTO BOOKS (bookID,title,pages) VALUES (84413,'Simpsons & Their Mathematical Secrets',311);
INSERT INTO BOOKS (bookID,title,pages) VALUES (81189,'Pattern Classification',311);
INSERT INTO BOOKS (bookID,title,pages) VALUES (34204,'From Beirut to Jerusalem',311);
INSERT INTO BOOKS (bookID,title,pages) VALUES (15386,'Code Book',311);
INSERT INTO BOOKS (bookID,title,pages) VALUES (45602,'Age of the Warrior',311);
INSERT INTO BOOKS (bookID,title,pages) VALUES (16689,'Crisis on Infinite Earths',311);
INSERT INTO BOOKS (bookID,title,pages) VALUES (94660,'Numbers Behind Numb3rs',211);
INSERT INTO BOOKS (bookID,title,pages) VALUES (53891,'Superman Earth One - 1',211);
INSERT INTO BOOKS (bookID,title,pages) VALUES (43196,'Superman Earth One - 2',211);
INSERT INTO BOOKS (bookID,title,pages) VALUES (34295,'Justice League: Throne of Atlantis',211);
INSERT INTO BOOKS (bookID,title,pages) VALUES (51251,'Justice League: The Villains Journey',211);
INSERT INTO BOOKS (bookID,title,pages) VALUES (21017,'Death of Superman',211);
INSERT INTO BOOKS (bookID,title,pages) VALUES (37519,'History of the DC Universe',211);
INSERT INTO BOOKS (bookID,title,pages) VALUES (26138,'Batman: The Long Halloween',214);
INSERT INTO BOOKS (bookID,title,pages) VALUES (9684,'Life in Letters',214);
INSERT INTO BOOKS (bookID,title,pages) VALUES (26000,'Information',214);
INSERT INTO BOOKS (bookID,title,pages) VALUES (49759,'Elements of Information Theory',214);
INSERT INTO BOOKS (bookID,title,pages) VALUES (26001,'Power Electronics - Rashid',214);
INSERT INTO BOOKS (bookID,title,pages) VALUES (10367,'Power Electronics - Mohan',214);
INSERT INTO BOOKS (bookID,title,pages) VALUES (8693,'Neural Networks',214);
INSERT INTO BOOKS (bookID,title,pages) VALUES (73986,'Grapes of Wrath',177);
INSERT INTO BOOKS (bookID,title,pages) VALUES (70902,'Vyakti ani Valli',177);
INSERT INTO BOOKS (bookID,title,pages) VALUES (13190,'Statistical Learning Theory',177);
INSERT INTO BOOKS (bookID,title,pages) VALUES (38276,'Empire of the Mughal - The Tainted Throne',177);
INSERT INTO BOOKS (bookID,title,pages) VALUES (37456,'Empire of the Mughal - Raiders from the North',177);
INSERT INTO BOOKS (bookID,title,pages) VALUES (63135,'Mossad',177);
INSERT INTO BOOKS (bookID,title,pages) VALUES (33712,'Jim Corbett Omnibus',177);
INSERT INTO BOOKS (bookID,title,pages) VALUES (14900,'20000 Leagues Under the Sea',277);
INSERT INTO BOOKS (bookID,title,pages) VALUES (65051,'Batatyachi Chal',277);
INSERT INTO BOOKS (bookID,title,pages) VALUES (93084,'The Horse and His Boy',277);
INSERT INTO BOOKS (bookID,title,pages) VALUES (57724,'The Magicians Nephew',277);
INSERT INTO BOOKS (bookID,title,pages) VALUES (74776,'Hafasavnuk',277);
INSERT INTO BOOKS (bookID,title,pages) VALUES (28510,'Urlasurla',200);
INSERT INTO BOOKS (bookID,title,pages) VALUES (75055,'Pointers in C',200);
INSERT INTO BOOKS (bookID,title,pages) VALUES (59041,'Cathedral and the Bazaar',200);
INSERT INTO BOOKS (bookID,title,pages) VALUES (34588,'Design with OpAmps',200);
INSERT INTO BOOKS (bookID,title,pages) VALUES (53018,'Think Complexity',200);
INSERT INTO BOOKS (bookID,title,pages) VALUES (71524,'Devils Advocate',200);
INSERT INTO BOOKS (bookID,title,pages) VALUES (65617,'Ayn Rand Answers',200);
INSERT INTO BOOKS (bookID,title,pages) VALUES (84901,'Philosophy: Who Needs It',444);
INSERT INTO BOOKS (bookID,title,pages) VALUES (63008,'Worlds Great Thinkers',444);
INSERT INTO BOOKS (bookID,title,pages) VALUES (3724,'Data Analysis with Open Source Tools',444);
INSERT INTO BOOKS (bookID,title,pages) VALUES (71238,'Brocas Brain',444);
INSERT INTO BOOKS (bookID,title,pages) VALUES (79734,'Men of Mathematics',444);
INSERT INTO BOOKS (bookID,title,pages) VALUES (60817,'Oxford book of Modern Science Writing',444);
INSERT INTO BOOKS (bookID,title,pages) VALUES (334,'Justice',411);
INSERT INTO BOOKS (bookID,title,pages) VALUES (32738,'Arthashastra',411);
INSERT INTO BOOKS (bookID,title,pages) VALUES (77852,'We the People',411);
INSERT INTO BOOKS (bookID,title,pages) VALUES (62198,'We the Nation',411);
INSERT INTO BOOKS (bookID,title,pages) VALUES (81386,'Courtroom Genius',411);

INSERT INTO BOOKS (bookID,title,pages) VALUES (1871,'History of England',101);
INSERT INTO BOOKS (bookID,title,pages) VALUES (86125,'City of Djinns',101);
INSERT INTO BOOKS (bookID,title,pages) VALUES (54452,'Indias Legal System',101);
INSERT INTO BOOKS (bookID,title,pages) VALUES (3546,'More Tears to Cry',101);
INSERT INTO BOOKS (bookID,title,pages) VALUES (88384,'Ropemaker',101);
INSERT INTO BOOKS (bookID,title,pages) VALUES (76821,'Angels & Demons',101);
INSERT INTO BOOKS (bookID,title,pages) VALUES (65071,'Prince',101);
INSERT INTO BOOKS (bookID,title,pages) VALUES (3947,'A Dance with Dragons',101);
INSERT INTO BOOKS (bookID,title,pages) VALUES (93091,'The Lion',166);
INSERT INTO BOOKS (bookID,title,pages) VALUES (66743,'Eyeless in Gaza',166);
INSERT INTO BOOKS (bookID,title,pages) VALUES (51843,'Harry Potter and the Chamber of Secrets',166);
INSERT INTO BOOKS (bookID,title,pages) VALUES (3747,'Harry Potter and the Prisoner of Azkaban',166);
INSERT INTO BOOKS (bookID,title,pages) VALUES (88162,'Tales of Beedle the Bard',166);
INSERT INTO BOOKS (bookID,title,pages) VALUES (53289,'Girl with the Dragon Tattoo',166);
INSERT INTO BOOKS (bookID,title,pages) VALUES (41636,'Girl who kicked the Hornets Nest',166);
INSERT INTO BOOKS (bookID,title,pages) VALUES (41121,'A Clash of Kings',160);
INSERT INTO BOOKS (bookID,title,pages) VALUES (29287,'A Storm of Swords',160);
INSERT INTO BOOKS (bookID,title,pages) VALUES (46899,'Girl who played with Fire',160);
INSERT INTO BOOKS (bookID,title,pages) VALUES (30553,'Lord of the rings - The Return of the King',160);
INSERT INTO BOOKS (bookID,title,pages) VALUES (90293,'Harry Potter and the Order of the Phoenix',160);
INSERT INTO BOOKS (bookID,title,pages) VALUES (74532,'Harry Potter and the Half-Blood Prince',120);
INSERT INTO BOOKS (bookID,title,pages) VALUES (74737,'Structure and Randomness',120);
INSERT INTO BOOKS (bookID,title,pages) VALUES (77499,'Image Processing with MATLAB',120);
INSERT INTO BOOKS (bookID,title,pages) VALUES (77648,'Animal Farm',120);
INSERT INTO BOOKS (bookID,title,pages) VALUES (52990,'Idiot',321);
INSERT INTO BOOKS (bookID,title,pages) VALUES (85466,'Christmas Carol',321);
INSERT INTO BOOKS (bookID,title,pages) VALUES (7458,'Lord of the rings - The Fellowship of the Ring',321);
INSERT INTO BOOKS (bookID,title,pages) VALUES (2985,'Lord of the rings - The Two Towers',321);
INSERT INTO BOOKS (bookID,title,pages) VALUES (76418,'Harry Potter and the Philosophers Stone',321);
INSERT INTO BOOKS (bookID,title,pages) VALUES (37822,'Harry Potter and the Goblet of Fire',292);
INSERT INTO BOOKS (bookID,title,pages) VALUES (8713,'Harry Potter and the Deathly Hallows',292);
INSERT INTO BOOKS (bookID,title,pages) VALUES (80429,'A Game of Thrones',292);
INSERT INTO BOOKS (bookID,title,pages) VALUES (17696,'A Feast for Crows',292);
INSERT INTO BOOKS (bookID,title,pages) VALUES (96777,'The Voyage of the Dawn Treader',292);
INSERT INTO BOOKS (bookID,title,pages) VALUES (84640,'The Silver Chair',292);

INSERT INTO RESOURCES (physicalID,bookID,damaged) VALUES (9566365,90188,True);
INSERT INTO RESOURCES (physicalID,bookID,damaged) VALUES (9059579,90188,True);
INSERT INTO RESOURCES (physicalID,bookID,damaged) VALUES (4940238,90188,True);
INSERT INTO RESOURCES (physicalID,bookID,damaged) VALUES (8723651,90188,True);
INSERT INTO RESOURCES (physicalID,bookID,damaged) VALUES (5750475,90188,True);
INSERT INTO RESOURCES (physicalID,bookID,damaged) VALUES (8752710,90188,True);
INSERT INTO RESOURCES (physicalID,bookID,damaged) VALUES (7348544,27181,False);
INSERT INTO RESOURCES (physicalID,bookID,damaged) VALUES (2068840,27181,False);
INSERT INTO RESOURCES (physicalID,bookID,damaged) VALUES (9037334,27181,False);
INSERT INTO RESOURCES (physicalID,bookID,damaged) VALUES (3673516,27181,False);
INSERT INTO RESOURCES (physicalID,bookID,damaged) VALUES (2377814,58661,False);
INSERT INTO RESOURCES (physicalID,bookID,damaged) VALUES (2500003,58661,False);
INSERT INTO RESOURCES (physicalID,bookID,damaged) VALUES (7882190,58661,False);
INSERT INTO RESOURCES (physicalID,bookID,damaged) VALUES (5645971,47711,False);
INSERT INTO RESOURCES (physicalID,bookID,damaged) VALUES (3832088,47711,False);
INSERT INTO RESOURCES (physicalID,bookID,damaged) VALUES (6093882,47711,False);
INSERT INTO RESOURCES (physicalID,bookID,damaged) VALUES (3929726,47711,False);
INSERT INTO RESOURCES (physicalID,bookID,damaged) VALUES (5939718,47711,False);
INSERT INTO RESOURCES (physicalID,bookID,damaged) VALUES (3160880,47711,False);
INSERT INTO RESOURCES (physicalID,bookID,damaged) VALUES (4200572,75419,False);
INSERT INTO RESOURCES (physicalID,bookID,damaged) VALUES (3196813,75419,False);
INSERT INTO RESOURCES (physicalID,bookID,damaged) VALUES (5577273,56110,True);
INSERT INTO RESOURCES (physicalID,bookID,damaged) VALUES (1579017,56110,True);
INSERT INTO RESOURCES (physicalID,bookID,damaged) VALUES (1322184,56110,True);
INSERT INTO RESOURCES (physicalID,bookID,damaged) VALUES (6993654,56110,True);
INSERT INTO RESOURCES (physicalID,bookID,damaged) VALUES (8679920,56110,True);
INSERT INTO RESOURCES (physicalID,bookID,damaged) VALUES (1676084,56110,True);
INSERT INTO RESOURCES (physicalID,bookID,damaged) VALUES (3556247,56110,True);
INSERT INTO RESOURCES (physicalID,bookID,damaged) VALUES (9461135,56110,True);
INSERT INTO RESOURCES (physicalID,bookID,damaged) VALUES (8831953,34102,True);
INSERT INTO RESOURCES (physicalID,bookID,damaged) VALUES (2848313,34102,True);
INSERT INTO RESOURCES (physicalID,bookID,damaged) VALUES (8509871,3650,True);
INSERT INTO RESOURCES (physicalID,bookID,damaged) VALUES (8814916,3650,True);
INSERT INTO RESOURCES (physicalID,bookID,damaged) VALUES (8303961,91357,False);
INSERT INTO RESOURCES (physicalID,bookID,damaged) VALUES (7404023,91357,False);
INSERT INTO RESOURCES (physicalID,bookID,damaged) VALUES (7802442,91357,False);
INSERT INTO RESOURCES (physicalID,bookID,damaged) VALUES (5073340,66749,False);
INSERT INTO RESOURCES (physicalID,bookID,damaged) VALUES (1221428,66749,False);
INSERT INTO RESOURCES (physicalID,bookID,damaged) VALUES (1445828,66749,False);
INSERT INTO RESOURCES (physicalID,bookID,damaged) VALUES (7247184,62214,True);
INSERT INTO RESOURCES (physicalID,bookID,damaged) VALUES (7225557,62214,True);
INSERT INTO RESOURCES (physicalID,bookID,damaged) VALUES (5368641,62214,True);
INSERT INTO RESOURCES (physicalID,bookID,damaged) VALUES (8224916,62214,True);
INSERT INTO RESOURCES (physicalID,bookID,damaged) VALUES (7527707,62214,True);
INSERT INTO RESOURCES (physicalID,bookID,damaged) VALUES (6795208,62214,True);
INSERT INTO RESOURCES (physicalID,bookID,damaged) VALUES (8765050,62214,True);
INSERT INTO RESOURCES (physicalID,bookID,damaged) VALUES (6784454,62214,True);
INSERT INTO RESOURCES (physicalID,bookID,damaged) VALUES (4936881,60479,False);
INSERT INTO RESOURCES (physicalID,bookID,damaged) VALUES (2543532,60479,False);
INSERT INTO RESOURCES (physicalID,bookID,damaged) VALUES (9801920,60479,False);
INSERT INTO RESOURCES (physicalID,bookID,damaged) VALUES (3615567,60479,False);
INSERT INTO RESOURCES (physicalID,bookID,damaged) VALUES (1221339,60479,False);
INSERT INTO RESOURCES (physicalID,bookID,damaged) VALUES (5039038,60479,False);
INSERT INTO RESOURCES (physicalID,bookID,damaged) VALUES (3139281,60479,False);
INSERT INTO RESOURCES (physicalID,bookID,damaged) VALUES (1016401,60479,False);
INSERT INTO RESOURCES (physicalID,bookID,damaged) VALUES (4100672,39011,False);
INSERT INTO RESOURCES (physicalID,bookID,damaged) VALUES (1164053,39011,False);
INSERT INTO RESOURCES (physicalID,bookID,damaged) VALUES (6045036,39011,False);
INSERT INTO RESOURCES (physicalID,bookID,damaged) VALUES (4840699,39011,False);
INSERT INTO RESOURCES (physicalID,bookID,damaged) VALUES (7844342,39011,False);
INSERT INTO RESOURCES (physicalID,bookID,damaged) VALUES (9062419,39011,False);
INSERT INTO RESOURCES (physicalID,bookID,damaged) VALUES (1301332,5035,False);
INSERT INTO RESOURCES (physicalID,bookID,damaged) VALUES (3404911,5035,False);
INSERT INTO RESOURCES (physicalID,bookID,damaged) VALUES (5939029,5035,False);
INSERT INTO RESOURCES (physicalID,bookID,damaged) VALUES (6534462,5035,False);
INSERT INTO RESOURCES (physicalID,bookID,damaged) VALUES (4111632,5035,False);
INSERT INTO RESOURCES (physicalID,bookID,damaged) VALUES (8403778,5035,False);
INSERT INTO RESOURCES (physicalID,bookID,damaged) VALUES (9128556,48515,False);
INSERT INTO RESOURCES (physicalID,bookID,damaged) VALUES (3427578,48515,False);
INSERT INTO RESOURCES (physicalID,bookID,damaged) VALUES (9142329,48515,False);
INSERT INTO RESOURCES (physicalID,bookID,damaged) VALUES (1422604,58949,False);
INSERT INTO RESOURCES (physicalID,bookID,damaged) VALUES (5029466,58949,False);
INSERT INTO RESOURCES (physicalID,bookID,damaged) VALUES (9018150,58949,False);

INSERT INTO RESOURCES (physicalID,bookID,damaged) VALUES (8152726,58949,False);
INSERT INTO RESOURCES (physicalID,bookID,damaged) VALUES (5396089,58949,False);
INSERT INTO RESOURCES (physicalID,bookID,damaged) VALUES (2856298,58949,False);
INSERT INTO RESOURCES (physicalID,bookID,damaged) VALUES (4076579,54746,True);
INSERT INTO RESOURCES (physicalID,bookID,damaged) VALUES (5624909,54746,True);
INSERT INTO RESOURCES (physicalID,bookID,damaged) VALUES (9898648,54746,True);
INSERT INTO RESOURCES (physicalID,bookID,damaged) VALUES (8879837,54746,True);
INSERT INTO RESOURCES (physicalID,bookID,damaged) VALUES (7343662,54746,True);
INSERT INTO RESOURCES (physicalID,bookID,damaged) VALUES (4297493,54746,True);
INSERT INTO RESOURCES (physicalID,bookID,damaged) VALUES (9421014,54746,True);
INSERT INTO RESOURCES (physicalID,bookID,damaged) VALUES (4312309,54746,True);
INSERT INTO RESOURCES (physicalID,bookID,damaged) VALUES (2496222,78451,False);
INSERT INTO RESOURCES (physicalID,bookID,damaged) VALUES (8295514,78451,False);
INSERT INTO RESOURCES (physicalID,bookID,damaged) VALUES (2071602,78451,False);
INSERT INTO RESOURCES (physicalID,bookID,damaged) VALUES (9374695,78451,False);
INSERT INTO RESOURCES (physicalID,bookID,damaged) VALUES (6109452,78451,False);
INSERT INTO RESOURCES (physicalID,bookID,damaged) VALUES (8872168,91386,True);
INSERT INTO RESOURCES (physicalID,bookID,damaged) VALUES (4622268,91386,True);
INSERT INTO RESOURCES (physicalID,bookID,damaged) VALUES (8242047,91386,True);
INSERT INTO RESOURCES (physicalID,bookID,damaged) VALUES (6725114,91386,True);
INSERT INTO RESOURCES (physicalID,bookID,damaged) VALUES (6425786,91386,True);
INSERT INTO RESOURCES (physicalID,bookID,damaged) VALUES (8604167,91386,True);
INSERT INTO RESOURCES (physicalID,bookID,damaged) VALUES (8594697,91386,True);
INSERT INTO RESOURCES (physicalID,bookID,damaged) VALUES (7701924,91386,True);
INSERT INTO RESOURCES (physicalID,bookID,damaged) VALUES (2069122,50994,True);
INSERT INTO RESOURCES (physicalID,bookID,damaged) VALUES (9398215,50994,True);
INSERT INTO RESOURCES (physicalID,bookID,damaged) VALUES (6049769,50994,True);
INSERT INTO RESOURCES (physicalID,bookID,damaged) VALUES (8011375,50994,True);
INSERT INTO RESOURCES (physicalID,bookID,damaged) VALUES (1475079,50994,True);
INSERT INTO RESOURCES (physicalID,bookID,damaged) VALUES (1877784,50994,True);
INSERT INTO RESOURCES (physicalID,bookID,damaged) VALUES (7369001,50994,True);
INSERT INTO RESOURCES (physicalID,bookID,damaged) VALUES (1056415,27709,False);
INSERT INTO RESOURCES (physicalID,bookID,damaged) VALUES (2707503,27709,False);
INSERT INTO RESOURCES (physicalID,bookID,damaged) VALUES (7960773,27709,False);
INSERT INTO RESOURCES (physicalID,bookID,damaged) VALUES (4393915,27709,False);
INSERT INTO RESOURCES (physicalID,bookID,damaged) VALUES (9497131,27709,False);
INSERT INTO RESOURCES (physicalID,bookID,damaged) VALUES (8909279,27709,False);
INSERT INTO RESOURCES (physicalID,bookID,damaged) VALUES (3430869,59549,False);
INSERT INTO RESOURCES (physicalID,bookID,damaged) VALUES (2633479,59549,False);
INSERT INTO RESOURCES (physicalID,bookID,damaged) VALUES (5106164,59549,False);
INSERT INTO RESOURCES (physicalID,bookID,damaged) VALUES (4770781,59549,False);
INSERT INTO RESOURCES (physicalID,bookID,damaged) VALUES (6194768,59549,False);
INSERT INTO RESOURCES (physicalID,bookID,damaged) VALUES (7509326,59549,False);
INSERT INTO RESOURCES (physicalID,bookID,damaged) VALUES (5813251,59549,False);
INSERT INTO RESOURCES (physicalID,bookID,damaged) VALUES (8887863,33853,False);
INSERT INTO RESOURCES (physicalID,bookID,damaged) VALUES (8163177,33853,False);
INSERT INTO RESOURCES (physicalID,bookID,damaged) VALUES (7533921,33853,False);
INSERT INTO RESOURCES (physicalID,bookID,damaged) VALUES (8262884,14393,False);
INSERT INTO RESOURCES (physicalID,bookID,damaged) VALUES (8371629,14393,False);
INSERT INTO RESOURCES (physicalID,bookID,damaged) VALUES (7671956,14393,False);
INSERT INTO RESOURCES (physicalID,bookID,damaged) VALUES (1240580,14393,False);
INSERT INTO RESOURCES (physicalID,bookID,damaged) VALUES (8817172,14393,False);
INSERT INTO RESOURCES (physicalID,bookID,damaged) VALUES (8396843,86932,True);
INSERT INTO RESOURCES (physicalID,bookID,damaged) VALUES (7507897,86932,True);
INSERT INTO RESOURCES (physicalID,bookID,damaged) VALUES (8042556,58442,True);
INSERT INTO RESOURCES (physicalID,bookID,damaged) VALUES (3894780,58442,True);
INSERT INTO RESOURCES (physicalID,bookID,damaged) VALUES (1916285,93630,True);
INSERT INTO RESOURCES (physicalID,bookID,damaged) VALUES (1981714,93630,True);
INSERT INTO RESOURCES (physicalID,bookID,damaged) VALUES (9147778,93630,True);
INSERT INTO RESOURCES (physicalID,bookID,damaged) VALUES (1183755,93630,True);
INSERT INTO RESOURCES (physicalID,bookID,damaged) VALUES (8281550,93630,True);
INSERT INTO RESOURCES (physicalID,bookID,damaged) VALUES (3683318,93630,True);
INSERT INTO RESOURCES (physicalID,bookID,damaged) VALUES (1302199,93630,True);

INSERT INTO RESOURCES (physicalID,bookID,damaged) VALUES (7644345,86535,False);
INSERT INTO RESOURCES (physicalID,bookID,damaged) VALUES (3639978,86535,False);
INSERT INTO RESOURCES (physicalID,bookID,damaged) VALUES (1277675,86535,False);
INSERT INTO RESOURCES (physicalID,bookID,damaged) VALUES (6853085,86535,False);
INSERT INTO RESOURCES (physicalID,bookID,damaged) VALUES (1416956,86535,False);
INSERT INTO RESOURCES (physicalID,bookID,damaged) VALUES (1013505,86535,False);
INSERT INTO RESOURCES (physicalID,bookID,damaged) VALUES (4039044,86535,False);
INSERT INTO RESOURCES (physicalID,bookID,damaged) VALUES (5331293,86535,False);
INSERT INTO RESOURCES (physicalID,bookID,damaged) VALUES (5675995,86535,False);

INSERT INTO RESOURCES (physicalID,bookID,damaged) VALUES (3378694,88005,False);
INSERT INTO RESOURCES (physicalID,bookID,damaged) VALUES (8544630,88005,False);
INSERT INTO RESOURCES (physicalID,bookID,damaged) VALUES (1936539,88005,False);
INSERT INTO RESOURCES (physicalID,bookID,damaged) VALUES (3888287,88005,False);
INSERT INTO RESOURCES (physicalID,bookID,damaged) VALUES (1106523,58947,False);
INSERT INTO RESOURCES (physicalID,bookID,damaged) VALUES (2845775,58947,False);
INSERT INTO RESOURCES (physicalID,bookID,damaged) VALUES (5728664,58947,False);

INSERT INTO RESOURCES (physicalID,bookID,damaged) VALUES (6057020,58947,False);
INSERT INTO RESOURCES (physicalID,bookID,damaged) VALUES (3933922,58947,False);
INSERT INTO RESOURCES (physicalID,bookID,damaged) VALUES (2892169,72055,False);
INSERT INTO RESOURCES (physicalID,bookID,damaged) VALUES (6693916,72055,False);
INSERT INTO RESOURCES (physicalID,bookID,damaged) VALUES (9222169,72055,False);
INSERT INTO RESOURCES (physicalID,bookID,damaged) VALUES (4885647,72055,False);
INSERT INTO RESOURCES (physicalID,bookID,damaged) VALUES (9875128,63645,False);
INSERT INTO RESOURCES (physicalID,bookID,damaged) VALUES (5401692,63645,False);
INSERT INTO RESOURCES (physicalID,bookID,damaged) VALUES (7049179,63645,False);
INSERT INTO RESOURCES (physicalID,bookID,damaged) VALUES (6230799,63645,False);
INSERT INTO RESOURCES (physicalID,bookID,damaged) VALUES (9270165,63645,False);
INSERT INTO RESOURCES (physicalID,bookID,damaged) VALUES (7236996,63645,False);
INSERT INTO RESOURCES (physicalID,bookID,damaged) VALUES (4589473,63645,False);
INSERT INTO RESOURCES (physicalID,bookID,damaged) VALUES (9426332,63645,False);
INSERT INTO RESOURCES (physicalID,bookID,damaged) VALUES (3810099,63645,False);
INSERT INTO RESOURCES (physicalID,bookID,damaged) VALUES (4643920,42916,True);

INSERT INTO RESOURCES (physicalID,bookID,damaged) VALUES (6554059,42916,True);
INSERT INTO RESOURCES (physicalID,bookID,damaged) VALUES (7405507,42916,True);
INSERT INTO RESOURCES (physicalID,bookID,damaged) VALUES (6846553,42916,True);
INSERT INTO RESOURCES (physicalID,bookID,damaged) VALUES (8771693,42916,True);
INSERT INTO RESOURCES (physicalID,bookID,damaged) VALUES (9407880,66093,False);
INSERT INTO RESOURCES (physicalID,bookID,damaged) VALUES (5345136,66093,False);
INSERT INTO RESOURCES (physicalID,bookID,damaged) VALUES (6343603,66093,False);
INSERT INTO RESOURCES (physicalID,bookID,damaged) VALUES (1774504,66093,False);
INSERT INTO RESOURCES (physicalID,bookID,damaged) VALUES (3625705,66093,False);
INSERT INTO RESOURCES (physicalID,bookID,damaged) VALUES (1226529,66093,False);
INSERT INTO RESOURCES (physicalID,bookID,damaged) VALUES (2245947,34337,False);
INSERT INTO RESOURCES (physicalID,bookID,damaged) VALUES (9268370,34337,False);
INSERT INTO RESOURCES (physicalID,bookID,damaged) VALUES (8996304,34337,False);
INSERT INTO RESOURCES (physicalID,bookID,damaged) VALUES (9373728,34337,False);
INSERT INTO RESOURCES (physicalID,bookID,damaged) VALUES (5968487,34337,False);
INSERT INTO RESOURCES (physicalID,bookID,damaged) VALUES (7658979,34337,False);
INSERT INTO RESOURCES (physicalID,bookID,damaged) VALUES (7432942,92565,False);
INSERT INTO RESOURCES (physicalID,bookID,damaged) VALUES (2854287,92565,False);
INSERT INTO RESOURCES (physicalID,bookID,damaged) VALUES (6752399,92565,False);
INSERT INTO RESOURCES (physicalID,bookID,damaged) VALUES (4362972,92565,False);
INSERT INTO RESOURCES (physicalID,bookID,damaged) VALUES (9993488,92565,False);
INSERT INTO RESOURCES (physicalID,bookID,damaged) VALUES (6959727,92565,False);
INSERT INTO RESOURCES (physicalID,bookID,damaged) VALUES (1570916,70742,True);
INSERT INTO RESOURCES (physicalID,bookID,damaged) VALUES (2504808,70742,True);
INSERT INTO RESOURCES (physicalID,bookID,damaged) VALUES (3312848,70742,True);
INSERT INTO RESOURCES (physicalID,bookID,damaged) VALUES (9556543,91117,False);
INSERT INTO RESOURCES (physicalID,bookID,damaged) VALUES (7962239,91117,False);

INSERT INTO RESOURCES (physicalID,bookID,damaged) VALUES (4791981,28974,True);
INSERT INTO RESOURCES (physicalID,bookID,damaged) VALUES (5680317,28974,True);
INSERT INTO RESOURCES (physicalID,bookID,damaged) VALUES (7716966,52099,False);
INSERT INTO RESOURCES (physicalID,bookID,damaged) VALUES (3018074,52099,False);
INSERT INTO RESOURCES (physicalID,bookID,damaged) VALUES (8282461,52099,False);
INSERT INTO RESOURCES (physicalID,bookID,damaged) VALUES (2546863,52099,False);
INSERT INTO RESOURCES (physicalID,bookID,damaged) VALUES (4563854,52099,False);
INSERT INTO RESOURCES (physicalID,bookID,damaged) VALUES (9016453,11086,True);
INSERT INTO RESOURCES (physicalID,bookID,damaged) VALUES (2637521,11086,True);
INSERT INTO RESOURCES (physicalID,bookID,damaged) VALUES (6783502,11086,True);
INSERT INTO RESOURCES (physicalID,bookID,damaged) VALUES (3579884,11086,True);
INSERT INTO RESOURCES (physicalID,bookID,damaged) VALUES (9296593,11086,True);
INSERT INTO RESOURCES (physicalID,bookID,damaged) VALUES (4624682,11086,True);
INSERT INTO RESOURCES (physicalID,bookID,damaged) VALUES (3498540,11086,True);
INSERT INTO RESOURCES (physicalID,bookID,damaged) VALUES (4991352,11086,True);
INSERT INTO RESOURCES (physicalID,bookID,damaged) VALUES (3704302,11086,True);
INSERT INTO RESOURCES (physicalID,bookID,damaged) VALUES (2066319,25359,False);
INSERT INTO RESOURCES (physicalID,bookID,damaged) VALUES (4344691,25359,False);
INSERT INTO RESOURCES (physicalID,bookID,damaged) VALUES (1278410,25359,False);
INSERT INTO RESOURCES (physicalID,bookID,damaged) VALUES (8363466,25359,False);
INSERT INTO RESOURCES (physicalID,bookID,damaged) VALUES (1570715,25359,False);
INSERT INTO RESOURCES (physicalID,bookID,damaged) VALUES (5569495,25359,False);
INSERT INTO RESOURCES (physicalID,bookID,damaged) VALUES (5196936,25359,False);
INSERT INTO RESOURCES (physicalID,bookID,damaged) VALUES (5828297,25359,False);
INSERT INTO RESOURCES (physicalID,bookID,damaged) VALUES (7455636,25359,False);
INSERT INTO RESOURCES (physicalID,bookID,damaged) VALUES (4424003,33522,True);
INSERT INTO RESOURCES (physicalID,bookID,damaged) VALUES (3340930,33522,True);
INSERT INTO RESOURCES (physicalID,bookID,damaged) VALUES (7602401,33522,True);
INSERT INTO RESOURCES (physicalID,bookID,damaged) VALUES (4936786,33522,True);
INSERT INTO RESOURCES (physicalID,bookID,damaged) VALUES (8205373,33522,True);
INSERT INTO RESOURCES (physicalID,bookID,damaged) VALUES (2757377,33522,True);
INSERT INTO RESOURCES (physicalID,bookID,damaged) VALUES (1795490,33522,True);
INSERT INTO RESOURCES (physicalID,bookID,damaged) VALUES (8034005,60090,True);
INSERT INTO RESOURCES (physicalID,bookID,damaged) VALUES (5487538,60090,True);
INSERT INTO RESOURCES (physicalID,bookID,damaged) VALUES (6614542,60090,True);
INSERT INTO RESOURCES (physicalID,bookID,damaged) VALUES (4889032,60090,True);


INSERT INTO RESOURCES (physicalID,bookID,damaged) VALUES (4440102,13926,True);
INSERT INTO RESOURCES (physicalID,bookID,damaged) VALUES (4065340,13926,True);
INSERT INTO RESOURCES (physicalID,bookID,damaged) VALUES (4791292,81189,False);
INSERT INTO RESOURCES (physicalID,bookID,damaged) VALUES (4240855,81189,False);
INSERT INTO RESOURCES (physicalID,bookID,damaged) VALUES (5488260,81189,False);
INSERT INTO RESOURCES (physicalID,bookID,damaged) VALUES (9293438,81189,False);
INSERT INTO RESOURCES (physicalID,bookID,damaged) VALUES (7359337,81189,False);
INSERT INTO RESOURCES (physicalID,bookID,damaged) VALUES (1331299,81189,False);
INSERT INTO RESOURCES (physicalID,bookID,damaged) VALUES (3080512,81189,False);
INSERT INTO RESOURCES (physicalID,bookID,damaged) VALUES (9733684,81189,False);
INSERT INTO RESOURCES (physicalID,bookID,damaged) VALUES (3724741,81189,False);
INSERT INTO RESOURCES (physicalID,bookID,damaged) VALUES (9577681,45602,True);

INSERT INTO RESOURCES (physicalID,bookID,damaged) VALUES (8770066,53891,False);
INSERT INTO RESOURCES (physicalID,bookID,damaged) VALUES (3933314,53891,False);
INSERT INTO RESOURCES (physicalID,bookID,damaged) VALUES (3515280,51251,False);
INSERT INTO RESOURCES (physicalID,bookID,damaged) VALUES (7329519,51251,False);
INSERT INTO RESOURCES (physicalID,bookID,damaged) VALUES (6906488,51251,False);
INSERT INTO RESOURCES (physicalID,bookID,damaged) VALUES (6271040,51251,False);
INSERT INTO RESOURCES (physicalID,bookID,damaged) VALUES (9760826,51251,False);
INSERT INTO RESOURCES (physicalID,bookID,damaged) VALUES (9304796,51251,False);

INSERT INTO RESOURCES (physicalID,bookID,damaged) VALUES (4693937,26138,True);
INSERT INTO RESOURCES (physicalID,bookID,damaged) VALUES (3042173,26138,True);
INSERT INTO RESOURCES (physicalID,bookID,damaged) VALUES (3452872,26138,True);
INSERT INTO RESOURCES (physicalID,bookID,damaged) VALUES (5377375,26138,True);
INSERT INTO RESOURCES (physicalID,bookID,damaged) VALUES (3473187,26138,True);
INSERT INTO RESOURCES (physicalID,bookID,damaged) VALUES (8557119,26138,True);
INSERT INTO RESOURCES (physicalID,bookID,damaged) VALUES (1937221,49759,False);
INSERT INTO RESOURCES (physicalID,bookID,damaged) VALUES (8772094,49759,False);
INSERT INTO RESOURCES (physicalID,bookID,damaged) VALUES (8972958,8693,False);
INSERT INTO RESOURCES (physicalID,bookID,damaged) VALUES (2315439,8693,False);
INSERT INTO RESOURCES (physicalID,bookID,damaged) VALUES (3114557,8693,False);
INSERT INTO RESOURCES (physicalID,bookID,damaged) VALUES (1807745,13190,True);
INSERT INTO RESOURCES (physicalID,bookID,damaged) VALUES (2836274,13190,True);
INSERT INTO RESOURCES (physicalID,bookID,damaged) VALUES (5890039,63135,False);
INSERT INTO RESOURCES (physicalID,bookID,damaged) VALUES (5491159,63135,False);
INSERT INTO RESOURCES (physicalID,bookID,damaged) VALUES (5884928,63135,False);
INSERT INTO RESOURCES (physicalID,bookID,damaged) VALUES (7877930,63135,False);
INSERT INTO RESOURCES (physicalID,bookID,damaged) VALUES (5277191,63135,False);
INSERT INTO RESOURCES (physicalID,bookID,damaged) VALUES (6721972,63135,False);
INSERT INTO RESOURCES (physicalID,bookID,damaged) VALUES (5746123,63135,False);
INSERT INTO RESOURCES (physicalID,bookID,damaged) VALUES (4008562,65051,False);

INSERT INTO RESOURCES (physicalID,bookID,damaged) VALUES (2173048,65051,False);
INSERT INTO RESOURCES (physicalID,bookID,damaged) VALUES (9303214,65051,False);
INSERT INTO RESOURCES (physicalID,bookID,damaged) VALUES (8552963,74776,True);
INSERT INTO RESOURCES (physicalID,bookID,damaged) VALUES (4005240,74776,True);
INSERT INTO RESOURCES (physicalID,bookID,damaged) VALUES (8896875,74776,True);
INSERT INTO RESOURCES (physicalID,bookID,damaged) VALUES (2525903,74776,True);
INSERT INTO RESOURCES (physicalID,bookID,damaged) VALUES (1089564,74776,True);

INSERT INTO RESOURCES (physicalID,bookID,damaged) VALUES (6372002,74776,True);
INSERT INTO RESOURCES (physicalID,bookID,damaged) VALUES (5633782,74776,True);
INSERT INTO RESOURCES (physicalID,bookID,damaged) VALUES (4973883,59041,False);
INSERT INTO RESOURCES (physicalID,bookID,damaged) VALUES (9046518,59041,False);
INSERT INTO RESOURCES (physicalID,bookID,damaged) VALUES (6737557,59041,False);
INSERT INTO RESOURCES (physicalID,bookID,damaged) VALUES (3014546,59041,False);
INSERT INTO RESOURCES (physicalID,bookID,damaged) VALUES (9728769,59041,False);
INSERT INTO RESOURCES (physicalID,bookID,damaged) VALUES (6835351,59041,False);
INSERT INTO RESOURCES (physicalID,bookID,damaged) VALUES (8236199,59041,False);
INSERT INTO RESOURCES (physicalID,bookID,damaged) VALUES (3215051,59041,False);
INSERT INTO RESOURCES (physicalID,bookID,damaged) VALUES (1108083,71524,True);
INSERT INTO RESOURCES (physicalID,bookID,damaged) VALUES (7306469,71524,True);

INSERT INTO RESOURCES (physicalID,bookID,damaged) VALUES (4275623,71524,True);
INSERT INTO RESOURCES (physicalID,bookID,damaged) VALUES (4828856,71524,True);
INSERT INTO RESOURCES (physicalID,bookID,damaged) VALUES (7773104,71524,True);
INSERT INTO RESOURCES (physicalID,bookID,damaged) VALUES (8982042,71524,True);
INSERT INTO RESOURCES (physicalID,bookID,damaged) VALUES (9546718,71524,True);
INSERT INTO RESOURCES (physicalID,bookID,damaged) VALUES (8912335,63008,True);
INSERT INTO RESOURCES (physicalID,bookID,damaged) VALUES (1631301,63008,True);
INSERT INTO RESOURCES (physicalID,bookID,damaged) VALUES (5960936,63008,True);
INSERT INTO RESOURCES (physicalID,bookID,damaged) VALUES (4356557,79734,True);
INSERT INTO RESOURCES (physicalID,bookID,damaged) VALUES (6264857,79734,True);
INSERT INTO RESOURCES (physicalID,bookID,damaged) VALUES (9704994,79734,True);
INSERT INTO RESOURCES (physicalID,bookID,damaged) VALUES (2250695,79734,True);
INSERT INTO RESOURCES (physicalID,bookID,damaged) VALUES (4797697,32738,True);
INSERT INTO RESOURCES (physicalID,bookID,damaged) VALUES (5621650,32738,True);
INSERT INTO RESOURCES (physicalID,bookID,damaged) VALUES (9809512,32738,True);
INSERT INTO RESOURCES (physicalID,bookID,damaged) VALUES (5812751,32738,True);
INSERT INTO RESOURCES (physicalID,bookID,damaged) VALUES (3265465,32738,True);
INSERT INTO RESOURCES (physicalID,bookID,damaged) VALUES (5809065,81386,True);
INSERT INTO RESOURCES (physicalID,bookID,damaged) VALUES (3398774,81386,True);
INSERT INTO RESOURCES (physicalID,bookID,damaged) VALUES (8601741,86125,False);
INSERT INTO RESOURCES (physicalID,bookID,damaged) VALUES (8608741,86125,False);
INSERT INTO RESOURCES (physicalID,bookID,damaged) VALUES (2888949,86125,False);
INSERT INTO RESOURCES (physicalID,bookID,damaged) VALUES (9616027,86125,False);
INSERT INTO RESOURCES (physicalID,bookID,damaged) VALUES (4094351,86125,False);
INSERT INTO RESOURCES (physicalID,bookID,damaged) VALUES (6598036,86125,False);
INSERT INTO RESOURCES (physicalID,bookID,damaged) VALUES (8721847,86125,False);
INSERT INTO RESOURCES (physicalID,bookID,damaged) VALUES (6539441,86125,False);

INSERT INTO RESOURCES (physicalID,bookID,damaged) VALUES (6488009,88384,True);
INSERT INTO RESOURCES (physicalID,bookID,damaged) VALUES (1251237,88384,True);
INSERT INTO RESOURCES (physicalID,bookID,damaged) VALUES (3755124,88384,True);
INSERT INTO RESOURCES (physicalID,bookID,damaged) VALUES (3948113,88384,True);
INSERT INTO RESOURCES (physicalID,bookID,damaged) VALUES (5089982,88384,True);
INSERT INTO RESOURCES (physicalID,bookID,damaged) VALUES (1472126,3947,False);
INSERT INTO RESOURCES (physicalID,bookID,damaged) VALUES (5394766,3947,False);
INSERT INTO RESOURCES (physicalID,bookID,damaged) VALUES (2066174,3947,False);
INSERT INTO RESOURCES (physicalID,bookID,damaged) VALUES (2172758,3947,False);

INSERT INTO RESOURCES (physicalID,bookID,damaged) VALUES (8315906,3947,False);
INSERT INTO RESOURCES (physicalID,bookID,damaged) VALUES (1320159,3947,False);
INSERT INTO RESOURCES (physicalID,bookID,damaged) VALUES (8101595,3947,False);
INSERT INTO RESOURCES (physicalID,bookID,damaged) VALUES (9671176,3947,False);
INSERT INTO RESOURCES (physicalID,bookID,damaged) VALUES (6920824,51843,False);
INSERT INTO RESOURCES (physicalID,bookID,damaged) VALUES (7058792,51843,False);
INSERT INTO RESOURCES (physicalID,bookID,damaged) VALUES (3904786,51843,False);
INSERT INTO RESOURCES (physicalID,bookID,damaged) VALUES (1457959,51843,False);
INSERT INTO RESOURCES (physicalID,bookID,damaged) VALUES (2243041,51843,False);
INSERT INTO RESOURCES (physicalID,bookID,damaged) VALUES (2451787,51843,False);
INSERT INTO RESOURCES (physicalID,bookID,damaged) VALUES (6153239,51843,False);
INSERT INTO RESOURCES (physicalID,bookID,damaged) VALUES (2026211,51843,False);
INSERT INTO RESOURCES (physicalID,bookID,damaged) VALUES (4853294,51843,False);
INSERT INTO RESOURCES (physicalID,bookID,damaged) VALUES (8430162,53289,False);
INSERT INTO RESOURCES (physicalID,bookID,damaged) VALUES (4084957,53289,False);
INSERT INTO RESOURCES (physicalID,bookID,damaged) VALUES (6203819,53289,False);
INSERT INTO RESOURCES (physicalID,bookID,damaged) VALUES (3147448,53289,False);
INSERT INTO RESOURCES (physicalID,bookID,damaged) VALUES (8079559,53289,False);
INSERT INTO RESOURCES (physicalID,bookID,damaged) VALUES (9749705,29287,False);
INSERT INTO RESOURCES (physicalID,bookID,damaged) VALUES (6936664,29287,False);
INSERT INTO RESOURCES (physicalID,bookID,damaged) VALUES (9425280,29287,False);
INSERT INTO RESOURCES (physicalID,bookID,damaged) VALUES (3516779,29287,False);
INSERT INTO RESOURCES (physicalID,bookID,damaged) VALUES (7116658,29287,False);
INSERT INTO RESOURCES (physicalID,bookID,damaged) VALUES (6062388,29287,False);

INSERT INTO RESOURCES (physicalID,bookID,damaged) VALUES (8093580,29287,False);

INSERT INTO RESOURCES (physicalID,bookID,damaged) VALUES (5585442,90293,False);
INSERT INTO RESOURCES (physicalID,bookID,damaged) VALUES (3821406,90293,False);
INSERT INTO RESOURCES (physicalID,bookID,damaged) VALUES (8145687,90293,False);
INSERT INTO RESOURCES (physicalID,bookID,damaged) VALUES (2318624,90293,False);
INSERT INTO RESOURCES (physicalID,bookID,damaged) VALUES (9728534,90293,False);
INSERT INTO RESOURCES (physicalID,bookID,damaged) VALUES (4459440,77499,False);
INSERT INTO RESOURCES (physicalID,bookID,damaged) VALUES (7645730,77499,False);
INSERT INTO RESOURCES (physicalID,bookID,damaged) VALUES (8807232,77499,False);
INSERT INTO RESOURCES (physicalID,bookID,damaged) VALUES (7118318,77499,False);

INSERT INTO RESOURCES (physicalID,bookID,damaged) VALUES (9501303,77499,False);
INSERT INTO RESOURCES (physicalID,bookID,damaged) VALUES (1905320,77499,False);
INSERT INTO RESOURCES (physicalID,bookID,damaged) VALUES (9818700,77499,False);
INSERT INTO RESOURCES (physicalID,bookID,damaged) VALUES (6575927,85466,True);
INSERT INTO RESOURCES (physicalID,bookID,damaged) VALUES (8611412,85466,True);
INSERT INTO RESOURCES (physicalID,bookID,damaged) VALUES (9197837,76418,True);
INSERT INTO RESOURCES (physicalID,bookID,damaged) VALUES (5444168,76418,True);
INSERT INTO RESOURCES (physicalID,bookID,damaged) VALUES (4865499,80429,False);
INSERT INTO RESOURCES (physicalID,bookID,damaged) VALUES (8388564,80429,False);
INSERT INTO RESOURCES (physicalID,bookID,damaged) VALUES (1449784,80429,False);
INSERT INTO RESOURCES (physicalID,bookID,damaged) VALUES (4726787,84640,True);
INSERT INTO RESOURCES (physicalID,bookID,damaged) VALUES (1320979,84640,True);

INSERT INTO RESOURCES (physicalID,bookID,damaged) VALUES (1296629,84640,True);

INSERT INTO EDITION (bookID,ISBN,edition,publisher,DoP) VALUES (90188,'9670-8470-2250-3431',5,'Wiley','1953-12-06');
INSERT INTO EDITION (bookID,ISBN,edition,publisher,DoP) VALUES (60859,'7416-1437-5278-1479',9,'Wiley','1937-12-07');
INSERT INTO EDITION (bookID,ISBN,edition,publisher,DoP) VALUES (47657,'3592-1993-6698-7051',8,'Penguin','1966-04-06');
INSERT INTO EDITION (bookID,ISBN,edition,publisher,DoP) VALUES (27181,'9715-4807-5319-8532',7,'HarperCollins','1999-06-21');
INSERT INTO EDITION (bookID,ISBN,edition,publisher,DoP) VALUES (21150,'3687-3155-5378-6172',5,'Penguin','1958-07-11');
INSERT INTO EDITION (bookID,ISBN,edition,publisher,DoP) VALUES (38205,'6011-2910-1875-4300',4,'Springer','1981-09-03');
INSERT INTO EDITION (bookID,ISBN,edition,publisher,DoP) VALUES (58661,'7271-2261-3397-3664',9,'Orient Blackswan','1961-08-23');
INSERT INTO EDITION (bookID,ISBN,edition,publisher,DoP) VALUES (18302,'1111-3765-8800-5189',9,'Penguin','1938-06-29');
INSERT INTO EDITION (bookID,ISBN,edition,publisher,DoP) VALUES (73129,'7693-5606-1453-2621',1,'CRC','2006-09-30');
INSERT INTO EDITION (bookID,ISBN,edition,publisher,DoP) VALUES (47711,'4966-2751-5234-4378',6,'Penguin','1954-01-30');
INSERT INTO EDITION (bookID,ISBN,edition,publisher,DoP) VALUES (1801,'4911-7949-7597-5232',4,'Apress','1927-10-06');
INSERT INTO EDITION (bookID,ISBN,edition,publisher,DoP) VALUES (40653,'8823-8752-4529-2699',7,'Random House','1947-04-13');
INSERT INTO EDITION (bookID,ISBN,edition,publisher,DoP) VALUES (75419,'6344-8171-2011-1337',4,'Bodley Head','1978-09-14');
INSERT INTO EDITION (bookID,ISBN,edition,publisher,DoP) VALUES (80760,'9693-6318-1659-5619',5,'MIT Press','1980-10-12');
INSERT INTO EDITION (bookID,ISBN,edition,publisher,DoP) VALUES (38768,'6280-2081-3877-3051',9,'Penguin','1948-12-12');
INSERT INTO EDITION (bookID,ISBN,edition,publisher,DoP) VALUES (56110,'2542-3757-4623-5108',5,'Random House','1993-04-15');
INSERT INTO EDITION (bookID,ISBN,edition,publisher,DoP) VALUES (97153,'4787-4677-6324-4596',4,'MIT Press','1961-05-01');
INSERT INTO EDITION (bookID,ISBN,edition,publisher,DoP) VALUES (23646,'8377-8199-4154-4316',8,'Apress','1951-09-14');
INSERT INTO EDITION (bookID,ISBN,edition,publisher,DoP) VALUES (34102,'7668-4270-1669-9526',2,'Penguin','1956-04-15');
INSERT INTO EDITION (bookID,ISBN,edition,publisher,DoP) VALUES (67114,'2419-2707-8419-3866',4,'Penguin','1963-03-14');
INSERT INTO EDITION (bookID,ISBN,edition,publisher,DoP) VALUES (8951,'4803-3808-3189-9400',1,'OReilly','1920-11-20');
INSERT INTO EDITION (bookID,ISBN,edition,publisher,DoP) VALUES (3650,'2987-8863-3002-8409',7,'HBA','1956-11-23');
INSERT INTO EDITION (bookID,ISBN,edition,publisher,DoP) VALUES (87152,'9662-2896-7455-7809',3,'OReilly','1969-06-25');
INSERT INTO EDITION (bookID,ISBN,edition,publisher,DoP) VALUES (51683,'9137-4877-9198-8356',2,'Penguin','1949-06-09');
INSERT INTO EDITION (bookID,ISBN,edition,publisher,DoP) VALUES (91357,'5101-5798-8568-1324',3,'OReilly','1954-02-03');
INSERT INTO EDITION (bookID,ISBN,edition,publisher,DoP) VALUES (18965,'9285-3295-1256-6283',6,'MIT Press','1919-07-08');
INSERT INTO EDITION (bookID,ISBN,edition,publisher,DoP) VALUES (39981,'6385-3790-3050-5599',9,'Penguin','1960-10-14');
INSERT INTO EDITION (bookID,ISBN,edition,publisher,DoP) VALUES (66749,'9285-1349-1288-9874',9,'Penguin','1913-08-22');
INSERT INTO EDITION (bookID,ISBN,edition,publisher,DoP) VALUES (45980,'5606-2398-9028-2933',3,'Random House','1956-10-14');
INSERT INTO EDITION (bookID,ISBN,edition,publisher,DoP) VALUES (60532,'1298-3903-4610-4063',7,'Random House','1973-01-20');
INSERT INTO EDITION (bookID,ISBN,edition,publisher,DoP) VALUES (62214,'2305-6145-8348-9876',6,'Random House','1986-01-01');
INSERT INTO EDITION (bookID,ISBN,edition,publisher,DoP) VALUES (17287,'7267-4765-6634-6938',6,'Random House','2014-03-23');
INSERT INTO EDITION (bookID,ISBN,edition,publisher,DoP) VALUES (41290,'4109-7666-4523-2031',7,'Penguin','1967-06-06');
INSERT INTO EDITION (bookID,ISBN,edition,publisher,DoP) VALUES (60479,'5383-3285-7788-6361',5,'Random House','1989-04-12');
INSERT INTO EDITION (bookID,ISBN,edition,publisher,DoP) VALUES (22374,'7302-5870-2406-1868',5,'Rupa','1923-07-05');
INSERT INTO EDITION (bookID,ISBN,edition,publisher,DoP) VALUES (85058,'5060-8130-6235-7332',7,'Transworld','1945-12-28');
INSERT INTO EDITION (bookID,ISBN,edition,publisher,DoP) VALUES (39011,'2137-6523-5652-2335',3,'Pan','1946-09-09');
INSERT INTO EDITION (bookID,ISBN,edition,publisher,DoP) VALUES (99938,'2171-4569-3534-2353',8,'Hyperion','1944-09-08');
INSERT INTO EDITION (bookID,ISBN,edition,publisher,DoP) VALUES (65670,'4823-9632-4760-9549',9,'Penguin','1976-12-10');
INSERT INTO EDITION (bookID,ISBN,edition,publisher,DoP) VALUES (5035,'3999-8302-2165-7543',8,'Random House','1968-06-07');
INSERT INTO EDITION (bookID,ISBN,edition,publisher,DoP) VALUES (7413,'4010-8293-8923-9558',4,'Penguin','2008-05-24');
INSERT INTO EDITION (bookID,ISBN,edition,publisher,DoP) VALUES (95660,'4190-4418-6429-9748',1,'HarperCollins','1952-06-03');
INSERT INTO EDITION (bookID,ISBN,edition,publisher,DoP) VALUES (48515,'1554-6804-8641-1477',1,'Penguin','1935-06-05');
INSERT INTO EDITION (bookID,ISBN,edition,publisher,DoP) VALUES (7922,'3397-6213-6622-4346',5,'HarperCollins','1919-04-02');
INSERT INTO EDITION (bookID,ISBN,edition,publisher,DoP) VALUES (51757,'7880-7245-9739-2423',8,'Pocket','1962-07-15');
INSERT INTO EDITION (bookID,ISBN,edition,publisher,DoP) VALUES (58949,'8336-5597-7615-8675',9,'Mauj','1934-05-19');
INSERT INTO EDITION (bookID,ISBN,edition,publisher,DoP) VALUES (37642,'3322-4052-5158-9483',3,'Penguin','1949-06-15');
INSERT INTO EDITION (bookID,ISBN,edition,publisher,DoP) VALUES (27606,'2709-5158-8692-8206',6,'Penguin','1971-08-11');
INSERT INTO EDITION (bookID,ISBN,edition,publisher,DoP) VALUES (54746,'4933-8317-4145-5307',7,'Penguin','1930-12-09');
INSERT INTO EDITION (bookID,ISBN,edition,publisher,DoP) VALUES (95305,'7074-4260-9415-2241',5,'Random House','1955-04-22');
INSERT INTO EDITION (bookID,ISBN,edition,publisher,DoP) VALUES (10697,'2220-5723-9868-3535',7,'Rupa','1961-04-21');
INSERT INTO EDITION (bookID,ISBN,edition,publisher,DoP) VALUES (78451,'8964-7985-7456-9587',7,'Random House','1968-10-19');
INSERT INTO EDITION (bookID,ISBN,edition,publisher,DoP) VALUES (72286,'1040-6901-7867-9496',8,'BBC','2003-03-02');
INSERT INTO EDITION (bookID,ISBN,edition,publisher,DoP) VALUES (7004,'8660-4495-7377-4268',5,'Random House','1935-01-26');
INSERT INTO EDITION (bookID,ISBN,edition,publisher,DoP) VALUES (91386,'3228-2456-2265-6781',8,'Elsevier','1939-10-06');
INSERT INTO EDITION (bookID,ISBN,edition,publisher,DoP) VALUES (95650,'9645-4503-2681-3324',7,'Pearson','1945-11-11');
INSERT INTO EDITION (bookID,ISBN,edition,publisher,DoP) VALUES (98193,'4386-9924-5034-2988',5,'Pearson','1976-08-25');
INSERT INTO EDITION (bookID,ISBN,edition,publisher,DoP) VALUES (50994,'6830-4836-4825-9007',3,'OReilly','1929-09-09');
INSERT INTO EDITION (bookID,ISBN,edition,publisher,DoP) VALUES (2249,'7862-4315-1757-8346',8,'Prentice Hall','1926-05-08');
INSERT INTO EDITION (bookID,ISBN,edition,publisher,DoP) VALUES (47510,'9018-3089-3287-8967',9,'Pearson','1928-08-13');
INSERT INTO EDITION (bookID,ISBN,edition,publisher,DoP) VALUES (27709,'1594-3414-3594-5808',7,'TMH','1964-07-03');
INSERT INTO EDITION (bookID,ISBN,edition,publisher,DoP) VALUES (30568,'6533-8226-6572-1235',9,'Prentice Hall','1943-03-06');
INSERT INTO EDITION (bookID,ISBN,edition,publisher,DoP) VALUES (86666,'8212-6846-5142-7521',2,'Random House','1926-05-28');
INSERT INTO EDITION (bookID,ISBN,edition,publisher,DoP) VALUES (59549,'2935-4635-1540-8415',9,'Penguin','1950-05-16');
INSERT INTO EDITION (bookID,ISBN,edition,publisher,DoP) VALUES (88259,'8002-4586-1857-2870',4,'Random House','1954-11-25');
INSERT INTO EDITION (bookID,ISBN,edition,publisher,DoP) VALUES (30200,'9659-2347-4018-6642',6,'Picador','1974-09-24');
INSERT INTO EDITION (bookID,ISBN,edition,publisher,DoP) VALUES (33853,'5904-1293-7550-4556',4,'Penguin','1942-01-11');
INSERT INTO EDITION (bookID,ISBN,edition,publisher,DoP) VALUES (39230,'2506-9366-5725-4351',6,'Penguin','1943-04-07');
INSERT INTO EDITION (bookID,ISBN,edition,publisher,DoP) VALUES (70130,'5197-4230-8627-9354',4,'Penguin','1964-10-01');
INSERT INTO EDITION (bookID,ISBN,edition,publisher,DoP) VALUES (14393,'6900-9843-3014-6036',4,'Random House','1952-03-10');
INSERT INTO EDITION (bookID,ISBN,edition,publisher,DoP) VALUES (95220,'5954-2388-6482-2541',4,'Pan','1944-09-22');
INSERT INTO EDITION (bookID,ISBN,edition,publisher,DoP) VALUES (9824,'6539-1898-3821-7613',8,'HarperCollins','1954-02-13');
INSERT INTO EDITION (bookID,ISBN,edition,publisher,DoP) VALUES (86932,'1340-3824-8028-3319',5,'Mauj','1974-11-13');
INSERT INTO EDITION (bookID,ISBN,edition,publisher,DoP) VALUES (75155,'2130-9981-8535-1447',6,'Penguin','1963-03-09');
INSERT INTO EDITION (bookID,ISBN,edition,publisher,DoP) VALUES (50047,'5320-7351-4886-1779',2,'Springer','1981-12-20');
INSERT INTO EDITION (bookID,ISBN,edition,publisher,DoP) VALUES (58442,'2734-1206-7708-8059',9,'Mauj','1934-04-18');
INSERT INTO EDITION (bookID,ISBN,edition,publisher,DoP) VALUES (34095,'3465-2485-7727-1871',6,'Mauj','1949-12-14');
INSERT INTO EDITION (bookID,ISBN,edition,publisher,DoP) VALUES (20244,'9847-1832-1047-5987',3,'Mauj','1972-09-22');
INSERT INTO EDITION (bookID,ISBN,edition,publisher,DoP) VALUES (93630,'2136-8229-6375-7114',3,'Mauj','1929-04-24');
INSERT INTO EDITION (bookID,ISBN,edition,publisher,DoP) VALUES (77652,'9952-4845-1987-9866',9,'HarperCollins','1956-06-10');
INSERT INTO EDITION (bookID,ISBN,edition,publisher,DoP) VALUES (28878,'9713-7986-3085-3141',7,'Mauj','1950-06-11');
INSERT INTO EDITION (bookID,ISBN,edition,publisher,DoP) VALUES (86535,'6187-7064-9409-5851',2,'Penguin','1944-02-15');
INSERT INTO EDITION (bookID,ISBN,edition,publisher,DoP) VALUES (82067,'6445-6942-3799-2699',7,'KTH','1952-08-13');
INSERT INTO EDITION (bookID,ISBN,edition,publisher,DoP) VALUES (38427,'8321-1856-1630-9096',5,'Penguin','1939-10-20');
INSERT INTO EDITION (bookID,ISBN,edition,publisher,DoP) VALUES (88005,'5703-1178-5787-1422',5,'vikas','1949-09-06');
INSERT INTO EDITION (bookID,ISBN,edition,publisher,DoP) VALUES (73221,'9263-8944-6077-3339',4,'vikas','1967-11-05');
INSERT INTO EDITION (bookID,ISBN,edition,publisher,DoP) VALUES (22662,'5917-9971-7520-7797',9,'vikas','1956-12-27');
INSERT INTO EDITION (bookID,ISBN,edition,publisher,DoP) VALUES (58947,'5054-9699-7782-8211',4,'Penguin','2002-06-20');
INSERT INTO EDITION (bookID,ISBN,edition,publisher,DoP) VALUES (15000,'3518-7556-4728-3661',8,'Routledge','1980-03-13');
INSERT INTO EDITION (bookID,ISBN,edition,publisher,DoP) VALUES (27050,'7017-6515-7767-7294',8,'FreePress','1915-05-22');
INSERT INTO EDITION (bookID,ISBN,edition,publisher,DoP) VALUES (72055,'1518-4763-6196-6420',5,'Penguin','1948-04-01');
INSERT INTO EDITION (bookID,ISBN,edition,publisher,DoP) VALUES (84808,'8770-2954-1999-4164',8,'KTH','1942-01-17');
INSERT INTO EDITION (bookID,ISBN,edition,publisher,DoP) VALUES (43706,'9643-9469-1508-1189',1,'Jaico','1927-11-01');
INSERT INTO EDITION (bookID,ISBN,edition,publisher,DoP) VALUES (63645,'9889-3177-3059-4226',1,'Penguin','2007-04-19');
INSERT INTO EDITION (bookID,ISBN,edition,publisher,DoP) VALUES (62705,'5363-6207-8796-2282',5,'Penguin','1944-11-30');
INSERT INTO EDITION (bookID,ISBN,edition,publisher,DoP) VALUES (69453,'5265-4595-1090-4901',9,'Random House','1948-11-09');
INSERT INTO EDITION (bookID,ISBN,edition,publisher,DoP) VALUES (42916,'4951-5202-5904-3202',4,'Penguin','1959-09-05');
INSERT INTO EDITION (bookID,ISBN,edition,publisher,DoP) VALUES (84057,'4464-2286-4575-1616',9,'Random House','1937-08-05');
INSERT INTO EDITION (bookID,ISBN,edition,publisher,DoP) VALUES (49445,'5955-5219-9928-2319',6,'Penguin','1961-09-14');
INSERT INTO EDITION (bookID,ISBN,edition,publisher,DoP) VALUES (66093,'8906-9167-1282-9965',7,'Penguin','1921-11-02');
INSERT INTO EDITION (bookID,ISBN,edition,publisher,DoP) VALUES (84509,'3108-2644-7807-3980',8,'Penguin','1946-02-02');
INSERT INTO EDITION (bookID,ISBN,edition,publisher,DoP) VALUES (48722,'7863-3155-8721-8698',6,'Random House','1967-07-20');
INSERT INTO EDITION (bookID,ISBN,edition,publisher,DoP) VALUES (34337,'6308-9394-8746-5132',9,'Jaico','1957-10-04');
INSERT INTO EDITION (bookID,ISBN,edition,publisher,DoP) VALUES (80013,'3410-9310-3732-1347',2,'KTH','1940-10-08');
INSERT INTO EDITION (bookID,ISBN,edition,publisher,DoP) VALUES (84730,'1666-5812-6385-1557',7,'Vintage','1954-09-04');
INSERT INTO EDITION (bookID,ISBN,edition,publisher,DoP) VALUES (92565,'3880-8630-3880-8432',5,'KTH','1988-06-14');
INSERT INTO EDITION (bookID,ISBN,edition,publisher,DoP) VALUES (47386,'2540-4122-9176-5217',7,'Vintage','1982-02-06');
INSERT INTO EDITION (bookID,ISBN,edition,publisher,DoP) VALUES (99672,'6541-1240-4524-4922',5,'Vintage','1940-10-16');
INSERT INTO EDITION (bookID,ISBN,edition,publisher,DoP) VALUES (70742,'3395-4722-4538-3187',2,'HarperCollins','1944-10-03');
INSERT INTO EDITION (bookID,ISBN,edition,publisher,DoP) VALUES (33441,'7310-1317-1173-2656',6,'Penguin','1972-07-27');
INSERT INTO EDITION (bookID,ISBN,edition,publisher,DoP) VALUES (16683,'5629-9396-1813-5212',2,'HighStakes','1949-12-25');
INSERT INTO EDITION (bookID,ISBN,edition,publisher,DoP) VALUES (91117,'2718-6071-5451-6692',3,'Routledge','1921-05-13');
INSERT INTO EDITION (bookID,ISBN,edition,publisher,DoP) VALUES (84936,'3110-2105-9180-5481',6,'Jaico','1958-01-12');
INSERT INTO EDITION (bookID,ISBN,edition,publisher,DoP) VALUES (68052,'4604-9059-9701-3832',5,'Springer','1951-09-24');
INSERT INTO EDITION (bookID,ISBN,edition,publisher,DoP) VALUES (28974,'1224-9879-4455-3186',5,'Simon&Schuster','1924-06-21');
INSERT INTO EDITION (bookID,ISBN,edition,publisher,DoP) VALUES (50776,'1308-4630-7569-9042',7,'Fontana','1943-01-18');
INSERT INTO EDITION (bookID,ISBN,edition,publisher,DoP) VALUES (57296,'4600-9395-5883-8505',8,'Dell','1914-04-24');
INSERT INTO EDITION (bookID,ISBN,edition,publisher,DoP) VALUES (52099,'6436-7203-8788-6781',8,'KTH','1919-11-22');
INSERT INTO EDITION (bookID,ISBN,edition,publisher,DoP) VALUES (57981,'1793-5430-5056-2120',6,'Penguin','1947-05-21');
INSERT INTO EDITION (bookID,ISBN,edition,publisher,DoP) VALUES (70579,'7687-6730-7443-9395',5,'KTH','1965-07-29');
INSERT INTO EDITION (bookID,ISBN,edition,publisher,DoP) VALUES (11086,'1241-4779-8459-3218',2,'KTH','1972-12-11');
INSERT INTO EDITION (bookID,ISBN,edition,publisher,DoP) VALUES (55340,'8012-6449-3808-3534',1,'KTH','1937-01-13');
INSERT INTO EDITION (bookID,ISBN,edition,publisher,DoP) VALUES (91511,'4374-7116-1461-1648',4,'KTH','1971-06-19');
INSERT INTO EDITION (bookID,ISBN,edition,publisher,DoP) VALUES (25359,'1709-9692-3708-6815',8,'KTH','1982-09-09');
INSERT INTO EDITION (bookID,ISBN,edition,publisher,DoP) VALUES (83424,'6659-5746-8385-5138',4,'KTH','1915-02-18');
INSERT INTO EDITION (bookID,ISBN,edition,publisher,DoP) VALUES (21259,'9494-5092-4310-2935',6,'KTH','1945-07-02');
INSERT INTO EDITION (bookID,ISBN,edition,publisher,DoP) VALUES (33522,'3523-7709-3404-3151',9,'KTH','1960-10-05');
INSERT INTO EDITION (bookID,ISBN,edition,publisher,DoP) VALUES (40673,'1226-1466-7969-7904',7,'KTH','1940-05-02');
INSERT INTO EDITION (bookID,ISBN,edition,publisher,DoP) VALUES (58963,'8617-2679-7542-1102',9,'KTH','1952-08-05');
INSERT INTO EDITION (bookID,ISBN,edition,publisher,DoP) VALUES (60090,'6214-7818-6189-2315',2,'KTH','2007-04-12');
INSERT INTO EDITION (bookID,ISBN,edition,publisher,DoP) VALUES (80708,'8243-3185-7195-8479',7,'KTH','1917-01-01');
INSERT INTO EDITION (bookID,ISBN,edition,publisher,DoP) VALUES (67915,'9487-9350-6116-7185',9,'KTH','1963-08-14');
INSERT INTO EDITION (bookID,ISBN,edition,publisher,DoP) VALUES (13926,'3045-5268-5898-6509',5,'KTH','1935-07-07');
INSERT INTO EDITION (bookID,ISBN,edition,publisher,DoP) VALUES (83605,'5879-3420-4815-3430',4,'KTH','1943-08-24');
INSERT INTO EDITION (bookID,ISBN,edition,publisher,DoP) VALUES (84413,'2880-4665-9773-7414',7,'KTH','2002-06-08');
INSERT INTO EDITION (bookID,ISBN,edition,publisher,DoP) VALUES (81189,'6545-8687-6700-4938',2,'KTH','1949-02-22');
INSERT INTO EDITION (bookID,ISBN,edition,publisher,DoP) VALUES (34204,'2018-6882-1770-9075',9,'KTH','1971-03-11');
INSERT INTO EDITION (bookID,ISBN,edition,publisher,DoP) VALUES (15386,'2943-4987-9830-4389',8,'KTH','1947-07-18');
INSERT INTO EDITION (bookID,ISBN,edition,publisher,DoP) VALUES (45602,'9438-6862-8662-6870',4,'KTH','1955-05-20');
INSERT INTO EDITION (bookID,ISBN,edition,publisher,DoP) VALUES (16689,'5147-6237-8864-4581',8,'KTH','1948-01-08');
INSERT INTO EDITION (bookID,ISBN,edition,publisher,DoP) VALUES (94660,'1267-2033-4488-6810',4,'KTH','1942-05-04');
INSERT INTO EDITION (bookID,ISBN,edition,publisher,DoP) VALUES (53891,'3561-2774-1393-4119',9,'KTH','1914-10-27');
INSERT INTO EDITION (bookID,ISBN,edition,publisher,DoP) VALUES (43196,'6317-8093-1704-7540',4,'KTH','1983-03-02');
INSERT INTO EDITION (bookID,ISBN,edition,publisher,DoP) VALUES (34295,'7124-6695-8272-8603',2,'KTH','1957-04-12');
INSERT INTO EDITION (bookID,ISBN,edition,publisher,DoP) VALUES (51251,'3368-9978-6095-3078',3,'KTH','1974-02-17');
INSERT INTO EDITION (bookID,ISBN,edition,publisher,DoP) VALUES (21017,'7536-5662-3930-4964',3,'KTH','1916-02-23');
INSERT INTO EDITION (bookID,ISBN,edition,publisher,DoP) VALUES (37519,'3541-1421-9280-1700',5,'KTH','1976-06-18');
INSERT INTO EDITION (bookID,ISBN,edition,publisher,DoP) VALUES (26138,'1398-1961-4626-9992',6,'KTH','1954-09-23');
INSERT INTO EDITION (bookID,ISBN,edition,publisher,DoP) VALUES (9684,'8936-7879-8435-9496',8,'KTH','1924-02-11');
INSERT INTO EDITION (bookID,ISBN,edition,publisher,DoP) VALUES (26000,'9157-3875-5724-7338',5,'KTH','1948-04-04');
INSERT INTO EDITION (bookID,ISBN,edition,publisher,DoP) VALUES (49759,'7174-7799-9516-5821',9,'KTH','1994-07-25');
INSERT INTO EDITION (bookID,ISBN,edition,publisher,DoP) VALUES (26001,'3267-1611-3836-6459',5,'KTH','1967-04-23');
INSERT INTO EDITION (bookID,ISBN,edition,publisher,DoP) VALUES (10367,'7782-5155-6528-1818',3,'KTH','1957-01-24');
INSERT INTO EDITION (bookID,ISBN,edition,publisher,DoP) VALUES (8693,'4802-9045-7737-4243',7,'KTH','1968-02-05');
INSERT INTO EDITION (bookID,ISBN,edition,publisher,DoP) VALUES (73986,'7353-2318-5608-8322',4,'KTH','1980-08-11');
INSERT INTO EDITION (bookID,ISBN,edition,publisher,DoP) VALUES (70902,'3497-9053-6365-2099',2,'KTH','1952-08-05');
INSERT INTO EDITION (bookID,ISBN,edition,publisher,DoP) VALUES (13190,'2047-6060-3043-3541',2,'KTH','2001-04-27');
INSERT INTO EDITION (bookID,ISBN,edition,publisher,DoP) VALUES (38276,'5571-5263-4006-1495',9,'KTH','1956-04-25');
INSERT INTO EDITION (bookID,ISBN,edition,publisher,DoP) VALUES (37456,'9176-7718-8230-8718',9,'KTH','1952-01-06');
INSERT INTO EDITION (bookID,ISBN,edition,publisher,DoP) VALUES (63135,'5368-6980-3968-8640',2,'KTH','1952-04-13');
INSERT INTO EDITION (bookID,ISBN,edition,publisher,DoP) VALUES (33712,'5919-4072-6735-5282',2,'KTH','1952-06-24');
INSERT INTO EDITION (bookID,ISBN,edition,publisher,DoP) VALUES (14900,'3965-1559-5271-1814',1,'KTH','1946-07-17');
INSERT INTO EDITION (bookID,ISBN,edition,publisher,DoP) VALUES (65051,'4956-7189-2900-3088',2,'KTH','1958-01-29');
INSERT INTO EDITION (bookID,ISBN,edition,publisher,DoP) VALUES (93084,'3913-4971-3510-4788',2,'Chalmers','1971-09-24');
INSERT INTO EDITION (bookID,ISBN,edition,publisher,DoP) VALUES (57724,'5902-1481-6990-8915',3,'Chalmers','1954-02-03');
INSERT INTO EDITION (bookID,ISBN,edition,publisher,DoP) VALUES (74776,'3171-3856-4041-4997',1,'KTH','1949-04-01');
INSERT INTO EDITION (bookID,ISBN,edition,publisher,DoP) VALUES (28510,'6513-3537-5900-1706',8,'KTH','1932-01-26');
INSERT INTO EDITION (bookID,ISBN,edition,publisher,DoP) VALUES (75055,'3095-7412-9325-9407',9,'KTH','1951-10-28');
INSERT INTO EDITION (bookID,ISBN,edition,publisher,DoP) VALUES (59041,'9591-6251-3326-1302',5,'KTH','1919-11-28');
INSERT INTO EDITION (bookID,ISBN,edition,publisher,DoP) VALUES (34588,'6690-1606-8823-5433',7,'KTH','1951-01-31');
INSERT INTO EDITION (bookID,ISBN,edition,publisher,DoP) VALUES (53018,'7635-7035-2232-5759',6,'KTH','1952-08-08');
INSERT INTO EDITION (bookID,ISBN,edition,publisher,DoP) VALUES (71524,'8604-2234-8572-6660',4,'KTH','1959-07-29');
INSERT INTO EDITION (bookID,ISBN,edition,publisher,DoP) VALUES (65617,'6531-6000-3289-5915',6,'KTH','1920-10-02');
INSERT INTO EDITION (bookID,ISBN,edition,publisher,DoP) VALUES (84901,'8983-6742-6814-1195',9,'KTH','1935-08-01');
INSERT INTO EDITION (bookID,ISBN,edition,publisher,DoP) VALUES (63008,'9336-6913-3366-3509',3,'KTH','1991-05-22');
INSERT INTO EDITION (bookID,ISBN,edition,publisher,DoP) VALUES (3724,'5825-7142-4561-2080',4,'KTH','1958-06-21');
INSERT INTO EDITION (bookID,ISBN,edition,publisher,DoP) VALUES (71238,'1281-6312-6141-7214',1,'KTH','1959-11-01');
INSERT INTO EDITION (bookID,ISBN,edition,publisher,DoP) VALUES (79734,'5928-1026-3556-6966',8,'KTH','1921-02-18');
INSERT INTO EDITION (bookID,ISBN,edition,publisher,DoP) VALUES (60817,'8549-6091-8360-8398',7,'KTH','1947-06-09');
INSERT INTO EDITION (bookID,ISBN,edition,publisher,DoP) VALUES (334,'4983-8007-6676-9868',9,'KTH','1989-11-29');
INSERT INTO EDITION (bookID,ISBN,edition,publisher,DoP) VALUES (32738,'1140-5688-2639-3135',6,'KTH','1956-06-19');
INSERT INTO EDITION (bookID,ISBN,edition,publisher,DoP) VALUES (77852,'9557-6271-9283-7157',7,'KTH','1985-10-20');
INSERT INTO EDITION (bookID,ISBN,edition,publisher,DoP) VALUES (62198,'6466-2896-3159-7117',9,'KTH','1925-10-25');
INSERT INTO EDITION (bookID,ISBN,edition,publisher,DoP) VALUES (81386,'8745-9232-8149-4821',8,'KTH','1960-12-19');

INSERT INTO EDITION (bookID,ISBN,edition,publisher,DoP) VALUES (1871,'5738-4568-3828-4085',3,'KTH','1997-12-15');
INSERT INTO EDITION (bookID,ISBN,edition,publisher,DoP) VALUES (86125,'7246-6251-5240-4618',8,'KTH','1940-10-26');
INSERT INTO EDITION (bookID,ISBN,edition,publisher,DoP) VALUES (54452,'5817-2597-2292-6504',9,'KTH','1974-12-19');
INSERT INTO EDITION (bookID,ISBN,edition,publisher,DoP) VALUES (3546,'7366-8926-3738-6486',9,'KTH','1938-07-25');
INSERT INTO EDITION (bookID,ISBN,edition,publisher,DoP) VALUES (88384,'3197-9265-3423-8318',7,'KTH','1992-10-31');
INSERT INTO EDITION (bookID,ISBN,edition,publisher,DoP) VALUES (76821,'3897-5252-9366-7638',9,'KTH','1936-05-14');
INSERT INTO EDITION (bookID,ISBN,edition,publisher,DoP) VALUES (65071,'3164-7463-5490-6048',5,'KTH','1997-01-03');
INSERT INTO EDITION (bookID,ISBN,edition,publisher,DoP) VALUES (3947,'8110-6638-9772-5774',7,'SU','1944-04-24');
INSERT INTO EDITION (bookID,ISBN,edition,publisher,DoP) VALUES (93091,'1522-7579-3348-7152',7,'Chalmers','1981-05-17');
INSERT INTO EDITION (bookID,ISBN,edition,publisher,DoP) VALUES (66743,'8157-6190-4762-4609',1,'KTH','1921-11-08');
INSERT INTO EDITION (bookID,ISBN,edition,publisher,DoP) VALUES (51843,'5073-4491-9170-6047',6,'Uppsala University','1952-05-22');
INSERT INTO EDITION (bookID,ISBN,edition,publisher,DoP) VALUES (3747,'7024-2665-4706-4796',4,'Chalmers','1950-03-01');
INSERT INTO EDITION (bookID,ISBN,edition,publisher,DoP) VALUES (88162,'4166-2959-3506-8466',5,'KTH','1933-09-23');
INSERT INTO EDITION (bookID,ISBN,edition,publisher,DoP) VALUES (53289,'6976-2062-5715-7416',1,'KTH','1948-06-24');
INSERT INTO EDITION (bookID,ISBN,edition,publisher,DoP) VALUES (41636,'7080-7348-7980-7028',6,'KTH','1975-06-03');
INSERT INTO EDITION (bookID,ISBN,edition,publisher,DoP) VALUES (41121,'7805-7741-1724-8199',9,'Chalmers','1933-01-10');
INSERT INTO EDITION (bookID,ISBN,edition,publisher,DoP) VALUES (29287,'3409-1186-7084-1008',4,'KTH','1962-03-18');
INSERT INTO EDITION (bookID,ISBN,edition,publisher,DoP) VALUES (46899,'2497-6058-8788-2195',5,'KTH','1971-02-13');
INSERT INTO EDITION (bookID,ISBN,edition,publisher,DoP) VALUES (30553,'7839-6082-3746-4908',2,'SU','1906-05-27');
INSERT INTO EDITION (bookID,ISBN,edition,publisher,DoP) VALUES (90293,'9383-5177-7598-5329',4,'SU','1910-05-13');
INSERT INTO EDITION (bookID,ISBN,edition,publisher,DoP) VALUES (74532,'8720-1850-4714-1749',6,'SU','1947-08-31');
INSERT INTO EDITION (bookID,ISBN,edition,publisher,DoP) VALUES (74737,'1476-5180-4522-3804',1,'KTH','1974-01-27');
INSERT INTO EDITION (bookID,ISBN,edition,publisher,DoP) VALUES (77499,'2840-1971-6406-1131',6,'KTH','1978-04-26');
INSERT INTO EDITION (bookID,ISBN,edition,publisher,DoP) VALUES (77648,'5362-4245-1114-3166',3,'KTH','1959-12-02');
INSERT INTO EDITION (bookID,ISBN,edition,publisher,DoP) VALUES (52990,'2717-7838-2606-8711',4,'KTH','1954-01-28');
INSERT INTO EDITION (bookID,ISBN,edition,publisher,DoP) VALUES (85466,'7958-1482-1707-5734',4,'KTH','1953-07-12');
INSERT INTO EDITION (bookID,ISBN,edition,publisher,DoP) VALUES (7458,'4668-7488-8465-5819',1,'SU','1946-03-15');
INSERT INTO EDITION (bookID,ISBN,edition,publisher,DoP) VALUES (2985,'2673-4012-2665-8291',6,'SU','1951-12-04');
INSERT INTO EDITION (bookID,ISBN,edition,publisher,DoP) VALUES (76418,'5911-2840-8322-9566',9,'SU','1964-03-12');
INSERT INTO EDITION (bookID,ISBN,edition,publisher,DoP) VALUES (37822,'1050-7244-5211-1235',2,'SU','1946-06-19');
INSERT INTO EDITION (bookID,ISBN,edition,publisher,DoP) VALUES (8713,'4577-4050-7958-7049',4,'SU','1962-06-22');
INSERT INTO EDITION (bookID,ISBN,edition,publisher,DoP) VALUES (80429,'3003-7800-3618-5271',9,'SU','1922-02-17');
INSERT INTO EDITION (bookID,ISBN,edition,publisher,DoP) VALUES (17696,'8524-5588-3568-8291',7,'Chalmers','1942-02-18');
INSERT INTO EDITION (bookID,ISBN,edition,publisher,DoP) VALUES (96777,'2951-1411-9472-4103',8,'Chalmers','1961-11-26');
INSERT INTO EDITION (bookID,ISBN,edition,publisher,DoP) VALUES (84640,'9372-3274-3086-2064',7,'Chalmers','1928-05-11');

INSERT INTO AUTHOR (bookID,author) VALUES (90188,'Jaideva Goswami');
INSERT INTO AUTHOR (bookID,author) VALUES (60859,'John Foreman');
INSERT INTO AUTHOR (bookID,author) VALUES (47657,'Stephen Hawking');
INSERT INTO AUTHOR (bookID,author) VALUES (27181,'Stephen Dubner');
INSERT INTO AUTHOR (bookID,author) VALUES (21150,'Edward Said');
INSERT INTO AUTHOR (bookID,author) VALUES (38205,'Vladimir Vapnik');
INSERT INTO AUTHOR (bookID,author) VALUES (58661,'VP Menon');
INSERT INTO AUTHOR (bookID,author) VALUES (18302,'Leonard Mlodinow');
INSERT INTO AUTHOR (bookID,author) VALUES (73129,'Frank Shih');
INSERT INTO AUTHOR (bookID,author) VALUES (47711,'Maria Konnikova');
INSERT INTO AUTHOR (bookID,author) VALUES (1801,'Sebastian Gutierrez');
INSERT INTO AUTHOR (bookID,author) VALUES (40653,'Kurt Vonnegut');
INSERT INTO AUTHOR (bookID,author) VALUES (75419,'Cedric Villani');
INSERT INTO AUTHOR (bookID,author) VALUES (80760,'Gerald Sussman');
INSERT INTO AUTHOR (bookID,author) VALUES (38768,'Abraham Eraly');
INSERT INTO AUTHOR (bookID,author) VALUES (56110,'Frank Kafka');
INSERT INTO AUTHOR (bookID,author) VALUES (97153,'John Pratt');
INSERT INTO AUTHOR (bookID,author) VALUES (23646,'Robert Nisbet');
INSERT INTO AUTHOR (bookID,author) VALUES (34102,'H.G. Wells');
INSERT INTO AUTHOR (bookID,author) VALUES (67114,'Werner Heisenberg');
INSERT INTO AUTHOR (bookID,author) VALUES (8951,'Andy Oram');
INSERT INTO AUTHOR (bookID,author) VALUES (3650,'Terence Tao');
INSERT INTO AUTHOR (bookID,author) VALUES (87152,'Drew Conway');
INSERT INTO AUTHOR (bookID,author) VALUES (51683,'Nate Silver');
INSERT INTO AUTHOR (bookID,author) VALUES (91357,'Wes McKinney');
INSERT INTO AUTHOR (bookID,author) VALUES (18965,'Thomas Cormen');
INSERT INTO AUTHOR (bookID,author) VALUES (39981,'Siddhartha Deb');
INSERT INTO AUTHOR (bookID,author) VALUES (66749,'Albert Camus');
INSERT INTO AUTHOR (bookID,author) VALUES (45980,'ArthurConan Doyle');
INSERT INTO AUTHOR (bookID,author) VALUES (60532,'ArthurConan Doyle');
INSERT INTO AUTHOR (bookID,author) VALUES (62214,'Adam Smith');
INSERT INTO AUTHOR (bookID,author) VALUES (17287,'Ken Follett');
INSERT INTO AUTHOR (bookID,author) VALUES (41290,'Fritjof Capra');
INSERT INTO AUTHOR (bookID,author) VALUES (60479,'Richard Feynman');
INSERT INTO AUTHOR (bookID,author) VALUES (22374,'Ernest Hemingway');
INSERT INTO AUTHOR (bookID,author) VALUES (85058,'Frederick Forsyth');
INSERT INTO AUTHOR (bookID,author) VALUES (39011,'Jeffery Archer');
INSERT INTO AUTHOR (bookID,author) VALUES (99938,'Randy Pausch');
INSERT INTO AUTHOR (bookID,author) VALUES (65670,'Ayn Rand');
INSERT INTO AUTHOR (bookID,author) VALUES (5035,'Michael Crichton');
INSERT INTO AUTHOR (bookID,author) VALUES (7413,'John Steinbeck');
INSERT INTO AUTHOR (bookID,author) VALUES (95660,'EdgarAllen Poe');
INSERT INTO AUTHOR (bookID,author) VALUES (48515,'Stephen Dubner');
INSERT INTO AUTHOR (bookID,author) VALUES (7922,'Fritjof Capra');
INSERT INTO AUTHOR (bookID,author) VALUES (51757,'Will Durant');
INSERT INTO AUTHOR (bookID,author) VALUES (58949,'PL Deshpande');
INSERT INTO AUTHOR (bookID,author) VALUES (37642,'John Steinbeck');
INSERT INTO AUTHOR (bookID,author) VALUES (27606,'John Steinbeck');
INSERT INTO AUTHOR (bookID,author) VALUES (54746,'John Steinbeck');
INSERT INTO AUTHOR (bookID,author) VALUES (95305,'John Grisham');
INSERT INTO AUTHOR (bookID,author) VALUES (10697,'V.S. Naipaul');
INSERT INTO AUTHOR (bookID,author) VALUES (78451,'Joseph Heller');
INSERT INTO AUTHOR (bookID,author) VALUES (72286,'BBC');
INSERT INTO AUTHOR (bookID,author) VALUES (7004,'Bob Dylan');
INSERT INTO AUTHOR (bookID,author) VALUES (91386,'Madan Gupta');
INSERT INTO AUTHOR (bookID,author) VALUES (95650,'Alfred Stonier');
INSERT INTO AUTHOR (bookID,author) VALUES (98193,'W.H. Greene');
INSERT INTO AUTHOR (bookID,author) VALUES (50994,'Gary Bradsky');
INSERT INTO AUTHOR (bookID,author) VALUES (2249,'Andrew Tanenbaum');
INSERT INTO AUTHOR (bookID,author) VALUES (47510,'David Forsyth');
INSERT INTO AUTHOR (bookID,author) VALUES (27709,'Schilling Taub');
INSERT INTO AUTHOR (bookID,author) VALUES (30568,'Yashwant Kanetkar');
INSERT INTO AUTHOR (bookID,author) VALUES (86666,'Jonathan Stroud');
INSERT INTO AUTHOR (bookID,author) VALUES (59549,'Fyodor Dostoevsky');
INSERT INTO AUTHOR (bookID,author) VALUES (88259,'Dan Brown');
INSERT INTO AUTHOR (bookID,author) VALUES (30200,'Amartya Sen');
INSERT INTO AUTHOR (bookID,author) VALUES (33853,'Amitav Ghosh');
INSERT INTO AUTHOR (bookID,author) VALUES (39230,'Amartya Sen');
INSERT INTO AUTHOR (bookID,author) VALUES (70130,'Lorraine Hansberry');
INSERT INTO AUTHOR (bookID,author) VALUES (14393,'Bob Woodward');
INSERT INTO AUTHOR (bookID,author) VALUES (95220,'Jeffery Archer');
INSERT INTO AUTHOR (bookID,author) VALUES (9824,'Kuldip Nayar');
INSERT INTO AUTHOR (bookID,author) VALUES (86932,'Sunita Deshpande');
INSERT INTO AUTHOR (bookID,author) VALUES (75155,'William Dalrymple');
INSERT INTO AUTHOR (bookID,author) VALUES (50047,'Various  Vol 39 No. 1');
INSERT INTO AUTHOR (bookID,author) VALUES (58442,'PL Deshpande');
INSERT INTO AUTHOR (bookID,author) VALUES (34095,'PL Deshpande');
INSERT INTO AUTHOR (bookID,author) VALUES (20244,'PL Deshpande');
INSERT INTO AUTHOR (bookID,author) VALUES (93630,'Sanjay Garg');
INSERT INTO AUTHOR (bookID,author) VALUES (77652,'JK Rowling');
INSERT INTO AUTHOR (bookID,author) VALUES (28878,'VP Kale');
INSERT INTO AUTHOR (bookID,author) VALUES (86535,'Shashi Tharoor');
INSERT INTO AUTHOR (bookID,author) VALUES (82067,'JK Rowling');
INSERT INTO AUTHOR (bookID,author) VALUES (38427,'Shashi Tharoor');
INSERT INTO AUTHOR (bookID,author) VALUES (88005,'Dominique Lapierre');
INSERT INTO AUTHOR (bookID,author) VALUES (73221,'Dominique Lapierre');
INSERT INTO AUTHOR (bookID,author) VALUES (22662,'Dominique Lapierre');
INSERT INTO AUTHOR (bookID,author) VALUES (58947,'John Steinbeck');
INSERT INTO AUTHOR (bookID,author) VALUES (15000,'Bertrand Russell');
INSERT INTO AUTHOR (bookID,author) VALUES (27050,'Sam Harris');
INSERT INTO AUTHOR (bookID,author) VALUES (72055,'Shashi Tharoor');
INSERT INTO AUTHOR (bookID,author) VALUES (84808,'EarleStanley Gardner');
INSERT INTO AUTHOR (bookID,author) VALUES (43706,'Stephen Hawking');
INSERT INTO AUTHOR (bookID,author) VALUES (63645,'Peter Drucker');
INSERT INTO AUTHOR (bookID,author) VALUES (62705,'David Bodanis');
INSERT INTO AUTHOR (bookID,author) VALUES (69453,'Victor Hugo');
INSERT INTO AUTHOR (bookID,author) VALUES (42916,'John Steinbeck');
INSERT INTO AUTHOR (bookID,author) VALUES (84057,'Peter Drucker');
INSERT INTO AUTHOR (bookID,author) VALUES (49445,'Richard Gordon');
INSERT INTO AUTHOR (bookID,author) VALUES (66093,'George Orwell');
INSERT INTO AUTHOR (bookID,author) VALUES (84509,'Amartya Sen');
INSERT INTO AUTHOR (bookID,author) VALUES (48722,'William Dalrymple');
INSERT INTO AUTHOR (bookID,author) VALUES (34337,'JK Rowling');
INSERT INTO AUTHOR (bookID,author) VALUES (80013,'Lee Iacoca');
INSERT INTO AUTHOR (bookID,author) VALUES (84730,'WilliamS Maugham');
INSERT INTO AUTHOR (bookID,author) VALUES (92565,'Frederick Forsyth');
INSERT INTO AUTHOR (bookID,author) VALUES (47386,'WilliamS Maugham');
INSERT INTO AUTHOR (bookID,author) VALUES (99672,'Robert Pirsig');
INSERT INTO AUTHOR (bookID,author) VALUES (70742,'Robert Fisk');
INSERT INTO AUTHOR (bookID,author) VALUES (33441,'Ayn Rand');
INSERT INTO AUTHOR (bookID,author) VALUES (16683,'Amir Aczel');
INSERT INTO AUTHOR (bookID,author) VALUES (91117,'Bertrand Russell');
INSERT INTO AUTHOR (bookID,author) VALUES (84936,'JK Rowling');
INSERT INTO AUTHOR (bookID,author) VALUES (68052,'Amartya Sen');
INSERT INTO AUTHOR (bookID,author) VALUES (28974,'Samuel Huntington');
INSERT INTO AUTHOR (bookID,author) VALUES (50776,'Fritjof Capra');
INSERT INTO AUTHOR (bookID,author) VALUES (57296,'Richard Bach');
INSERT INTO AUTHOR (bookID,author) VALUES (52099,'JK Rowling');
INSERT INTO AUTHOR (bookID,author) VALUES (57981,'Braithwaite');
INSERT INTO AUTHOR (bookID,author) VALUES (70579,'VS Naipaul');
INSERT INTO AUTHOR (bookID,author) VALUES (11086,'Jawaharlal Nehru');
INSERT INTO AUTHOR (bookID,author) VALUES (55340,'PL Deshpande');
INSERT INTO AUTHOR (bookID,author) VALUES (91511,'Bertrand Russell');
INSERT INTO AUTHOR (bookID,author) VALUES (25359,'Frederick Forsyth');
INSERT INTO AUTHOR (bookID,author) VALUES (83424,'Bob Woodward');
INSERT INTO AUTHOR (bookID,author) VALUES (21259,'PL Deshpande');
INSERT INTO AUTHOR (bookID,author) VALUES (33522,'Gerald Durrell');
INSERT INTO AUTHOR (bookID,author) VALUES (40673,'WilliamS Maugham');
INSERT INTO AUTHOR (bookID,author) VALUES (58963,'JK Rowling');
INSERT INTO AUTHOR (bookID,author) VALUES (60090,'Alex Rutherford');
INSERT INTO AUTHOR (bookID,author) VALUES (80708,'Alex Rutherford');
INSERT INTO AUTHOR (bookID,author) VALUES (67915,'HG Wells');
INSERT INTO AUTHOR (bookID,author) VALUES (13926,'WilliamS Maugham');
INSERT INTO AUTHOR (bookID,author) VALUES (83605,'Richard Gordon');
INSERT INTO AUTHOR (bookID,author) VALUES (84413,'Simon Singh');
INSERT INTO AUTHOR (bookID,author) VALUES (81189,'Hart Duda');
INSERT INTO AUTHOR (bookID,author) VALUES (34204,'Thomas Friedman');
INSERT INTO AUTHOR (bookID,author) VALUES (15386,'Simon Singh');
INSERT INTO AUTHOR (bookID,author) VALUES (45602,'Robert Fisk');
INSERT INTO AUTHOR (bookID,author) VALUES (16689,'JK Rowling');
INSERT INTO AUTHOR (bookID,author) VALUES (94660,'Keith Devlin');
INSERT INTO AUTHOR (bookID,author) VALUES (53891,'JK Rowling');
INSERT INTO AUTHOR (bookID,author) VALUES (43196,'JK Rowling');
INSERT INTO AUTHOR (bookID,author) VALUES (34295,'JK Rowling');
INSERT INTO AUTHOR (bookID,author) VALUES (51251,'JK Rowling');
INSERT INTO AUTHOR (bookID,author) VALUES (21017,'JK Rowling');
INSERT INTO AUTHOR (bookID,author) VALUES (37519,'JK Rowling');
INSERT INTO AUTHOR (bookID,author) VALUES (26138,'JK Rowling');
INSERT INTO AUTHOR (bookID,author) VALUES (9684,'John Steinbeck');
INSERT INTO AUTHOR (bookID,author) VALUES (26000,'James Gleick');
INSERT INTO AUTHOR (bookID,author) VALUES (49759,'Joy Thomas');
INSERT INTO AUTHOR (bookID,author) VALUES (26001,'Muhammad Rashid');
INSERT INTO AUTHOR (bookID,author) VALUES (10367,'Ned Mohan');
INSERT INTO AUTHOR (bookID,author) VALUES (8693,'Simon Haykin');
INSERT INTO AUTHOR (bookID,author) VALUES (73986,'John Steinbeck');
INSERT INTO AUTHOR (bookID,author) VALUES (70902,'PL Deshpande');
INSERT INTO AUTHOR (bookID,author) VALUES (13190,'Vladimir Vapnik');
INSERT INTO AUTHOR (bookID,author) VALUES (38276,'Alex Rutherford');
INSERT INTO AUTHOR (bookID,author) VALUES (37456,'Alex Rutherford');
INSERT INTO AUTHOR (bookID,author) VALUES (63135,'Michael Baz-Zohar');
INSERT INTO AUTHOR (bookID,author) VALUES (33712,'Jim Corbett');
INSERT INTO AUTHOR (bookID,author) VALUES (14900,'Jules Verne');
INSERT INTO AUTHOR (bookID,author) VALUES (65051,'Deshpande P L');
INSERT INTO AUTHOR (bookID,author) VALUES (93084,'C.S Lewis');
INSERT INTO AUTHOR (bookID,author) VALUES (57724,'C.S Lewis');
INSERT INTO AUTHOR (bookID,author) VALUES (74776,'Deshpande P L');
INSERT INTO AUTHOR (bookID,author) VALUES (28510,'Deshpande P L');
INSERT INTO AUTHOR (bookID,author) VALUES (75055,'Yashwant Kanetkar');
INSERT INTO AUTHOR (bookID,author) VALUES (59041,'Eric Raymond');
INSERT INTO AUTHOR (bookID,author) VALUES (34588,'Sergio Franco');
INSERT INTO AUTHOR (bookID,author) VALUES (53018,'Allen Downey');
INSERT INTO AUTHOR (bookID,author) VALUES (71524,'Morris West');
INSERT INTO AUTHOR (bookID,author) VALUES (65617,'Ayn Rand');
INSERT INTO AUTHOR (bookID,author) VALUES (84901,'Ayn Rand');
INSERT INTO AUTHOR (bookID,author) VALUES (63008,'JK Rowling');
INSERT INTO AUTHOR (bookID,author) VALUES (3724,'Phillip Janert');
INSERT INTO AUTHOR (bookID,author) VALUES (71238,'Carl Sagan');
INSERT INTO AUTHOR (bookID,author) VALUES (79734,'ET Bell');
INSERT INTO AUTHOR (bookID,author) VALUES (60817,'Richard Dawkins');
INSERT INTO AUTHOR (bookID,author) VALUES (334,'Sudhanshu Ranjan');
INSERT INTO AUTHOR (bookID,author) VALUES (32738,'Kautiyla');
INSERT INTO AUTHOR (bookID,author) VALUES (77852,'Palkhivala');
INSERT INTO AUTHOR (bookID,author) VALUES (62198,'Palkhivala');
INSERT INTO AUTHOR (bookID,author) VALUES (81386,'Sorabjee');
INSERT INTO AUTHOR (bookID,author) VALUES (57981,'Hussain Zaidi');
INSERT INTO AUTHOR (bookID,author) VALUES (1871,'Peter Ackroyd');
INSERT INTO AUTHOR (bookID,author) VALUES (86125,'William Dalrymple');
INSERT INTO AUTHOR (bookID,author) VALUES (54452,'Nariman');
INSERT INTO AUTHOR (bookID,author) VALUES (3546,'Jean Sassoon');
INSERT INTO AUTHOR (bookID,author) VALUES (88384,'Peter Dickinson');
INSERT INTO AUTHOR (bookID,author) VALUES (76821,'Dan Brown');
INSERT INTO AUTHOR (bookID,author) VALUES (65071,'Machiavelli');
INSERT INTO AUTHOR (bookID,author) VALUES (3947,'R.R. Martin');
INSERT INTO AUTHOR (bookID,author) VALUES (93091,'C.S Lewis');
INSERT INTO AUTHOR (bookID,author) VALUES (66743,'Aldous Huxley');
INSERT INTO AUTHOR (bookID,author) VALUES (51843,'JK Rowling');
INSERT INTO AUTHOR (bookID,author) VALUES (3747,'JK Rowling');
INSERT INTO AUTHOR (bookID,author) VALUES (88162,'JK Rowling');
INSERT INTO AUTHOR (bookID,author) VALUES (53289,'Steig Larsson');
INSERT INTO AUTHOR (bookID,author) VALUES (41636,'Steig Larsson');
INSERT INTO AUTHOR (bookID,author) VALUES (41121,'J.R.R. Martin');
INSERT INTO AUTHOR (bookID,author) VALUES (29287,'J.R.R. Martin');
INSERT INTO AUTHOR (bookID,author) VALUES (46899,'Steig Larsson');
INSERT INTO AUTHOR (bookID,author) VALUES (30553,'J.R.R. Tolkien');
INSERT INTO AUTHOR (bookID,author) VALUES (90293,'JK Rowling');
INSERT INTO AUTHOR (bookID,author) VALUES (74532,'Rowling');
INSERT INTO AUTHOR (bookID,author) VALUES (74737,'Terence Tao');
INSERT INTO AUTHOR (bookID,author) VALUES (77499,'Steve Eddins');
INSERT INTO AUTHOR (bookID,author) VALUES (77648,'George Orwell');
INSERT INTO AUTHOR (bookID,author) VALUES (52990,'Fyodor Dostoevsky');
INSERT INTO AUTHOR (bookID,author) VALUES (85466,'Charles Dickens');
INSERT INTO AUTHOR (bookID,author) VALUES (7458,'J.R.R. Tolkien');
INSERT INTO AUTHOR (bookID,author) VALUES (2985,'J.R.R. Tolkien');
INSERT INTO AUTHOR (bookID,author) VALUES (76418,'JK Rowling');
INSERT INTO AUTHOR (bookID,author) VALUES (37822,'JK Rowling');
INSERT INTO AUTHOR (bookID,author) VALUES (8713,'JK Rowling');
INSERT INTO AUTHOR (bookID,author) VALUES (80429,'J.R.R. Martin');
INSERT INTO AUTHOR (bookID,author) VALUES (17696,'J.R.R. Martin');
INSERT INTO AUTHOR (bookID,author) VALUES (96777,'C.S Lewis');
INSERT INTO AUTHOR (bookID,author) VALUES (84640,'C.S Lewis');

INSERT INTO GENRE (bookID,genre) VALUES (90188,'Action');
INSERT INTO GENRE (bookID,genre) VALUES (60859,'Northern');
INSERT INTO GENRE (bookID,genre) VALUES (47657,'Horror');
INSERT INTO GENRE (bookID,genre) VALUES (27181,'RomCom');
INSERT INTO GENRE (bookID,genre) VALUES (21150,'Comedy');
INSERT INTO GENRE (bookID,genre) VALUES (38205,'Course litterature');
INSERT INTO GENRE (bookID,genre) VALUES (58661,'Fantasy');
INSERT INTO GENRE (bookID,genre) VALUES (18302,'Sci-fi');
INSERT INTO GENRE (bookID,genre) VALUES (73129,'Southern');
INSERT INTO GENRE (bookID,genre) VALUES (47711,'Romantic');
INSERT INTO GENRE (bookID,genre) VALUES (1801,'Documentary');
INSERT INTO GENRE (bookID,genre) VALUES (40653,'Romantic');
INSERT INTO GENRE (bookID,genre) VALUES (75419,'Southern');
INSERT INTO GENRE (bookID,genre) VALUES (80760,'Eastern');
INSERT INTO GENRE (bookID,genre) VALUES (38768,'Western');
INSERT INTO GENRE (bookID,genre) VALUES (56110,'Western');
INSERT INTO GENRE (bookID,genre) VALUES (97153,'Southern');
INSERT INTO GENRE (bookID,genre) VALUES (23646,'Eastern');
INSERT INTO GENRE (bookID,genre) VALUES (34102,'Western');
INSERT INTO GENRE (bookID,genre) VALUES (67114,'Documentary');
INSERT INTO GENRE (bookID,genre) VALUES (8951,'Romantic');
INSERT INTO GENRE (bookID,genre) VALUES (3650,'Sci-fi');
INSERT INTO GENRE (bookID,genre) VALUES (87152,'Eastern');
INSERT INTO GENRE (bookID,genre) VALUES (51683,'Spooky');
INSERT INTO GENRE (bookID,genre) VALUES (91357,'Thriller');
INSERT INTO GENRE (bookID,genre) VALUES (18965,'Documentary');
INSERT INTO GENRE (bookID,genre) VALUES (39981,'Sci-fi');
INSERT INTO GENRE (bookID,genre) VALUES (66749,'Romantic');
INSERT INTO GENRE (bookID,genre) VALUES (45980,'Northern');
INSERT INTO GENRE (bookID,genre) VALUES (60532,'Western');
INSERT INTO GENRE (bookID,genre) VALUES (62214,'RomCom');
INSERT INTO GENRE (bookID,genre) VALUES (17287,'Western');
INSERT INTO GENRE (bookID,genre) VALUES (41290,'Sci-fi');
INSERT INTO GENRE (bookID,genre) VALUES (60479,'Western');
INSERT INTO GENRE (bookID,genre) VALUES (22374,'RomCom');
INSERT INTO GENRE (bookID,genre) VALUES (85058,'RomCom');
INSERT INTO GENRE (bookID,genre) VALUES (39011,'Fantasy');
INSERT INTO GENRE (bookID,genre) VALUES (99938,'RomCom');
INSERT INTO GENRE (bookID,genre) VALUES (65670,'Action');
INSERT INTO GENRE (bookID,genre) VALUES (5035,'Spooky');
INSERT INTO GENRE (bookID,genre) VALUES (7413,'Fantasy');
INSERT INTO GENRE (bookID,genre) VALUES (95660,'Spooky');
INSERT INTO GENRE (bookID,genre) VALUES (48515,'Western');
INSERT INTO GENRE (bookID,genre) VALUES (7922,'Northern');
INSERT INTO GENRE (bookID,genre) VALUES (51757,'Sci-fi');
INSERT INTO GENRE (bookID,genre) VALUES (58949,'Sci-fi');
INSERT INTO GENRE (bookID,genre) VALUES (37642,'Western');
INSERT INTO GENRE (bookID,genre) VALUES (27606,'Northern');
INSERT INTO GENRE (bookID,genre) VALUES (54746,'Action');
INSERT INTO GENRE (bookID,genre) VALUES (95305,'Sci-fi');
INSERT INTO GENRE (bookID,genre) VALUES (10697,'Western');
INSERT INTO GENRE (bookID,genre) VALUES (78451,'Eastern');
INSERT INTO GENRE (bookID,genre) VALUES (72286,'Spooky');
INSERT INTO GENRE (bookID,genre) VALUES (7004,'Comedy');
INSERT INTO GENRE (bookID,genre) VALUES (91386,'Southern');
INSERT INTO GENRE (bookID,genre) VALUES (95650,'RomCom');
INSERT INTO GENRE (bookID,genre) VALUES (98193,'Action');
INSERT INTO GENRE (bookID,genre) VALUES (50994,'Eastern');
INSERT INTO GENRE (bookID,genre) VALUES (2249,'Northern');
INSERT INTO GENRE (bookID,genre) VALUES (47510,'Course litterature');
INSERT INTO GENRE (bookID,genre) VALUES (27709,'RomCom');
INSERT INTO GENRE (bookID,genre) VALUES (30568,'Western');
INSERT INTO GENRE (bookID,genre) VALUES (86666,'Eastern');
INSERT INTO GENRE (bookID,genre) VALUES (59549,'Thriller');
INSERT INTO GENRE (bookID,genre) VALUES (88259,'Western');
INSERT INTO GENRE (bookID,genre) VALUES (30200,'Thriller');
INSERT INTO GENRE (bookID,genre) VALUES (33853,'Thriller');
INSERT INTO GENRE (bookID,genre) VALUES (39230,'Sci-fi');
INSERT INTO GENRE (bookID,genre) VALUES (70130,'Thriller');
INSERT INTO GENRE (bookID,genre) VALUES (14393,'Western');
INSERT INTO GENRE (bookID,genre) VALUES (95220,'Sci-fi');
INSERT INTO GENRE (bookID,genre) VALUES (9824,'Western');
INSERT INTO GENRE (bookID,genre) VALUES (86932,'Western');
INSERT INTO GENRE (bookID,genre) VALUES (75155,'Horror');
INSERT INTO GENRE (bookID,genre) VALUES (50047,'Southern');
INSERT INTO GENRE (bookID,genre) VALUES (58442,'Western');
INSERT INTO GENRE (bookID,genre) VALUES (34095,'Spooky');
INSERT INTO GENRE (bookID,genre) VALUES (20244,'Southern');
INSERT INTO GENRE (bookID,genre) VALUES (93630,'Southern');
INSERT INTO GENRE (bookID,genre) VALUES (77652,'Western');
INSERT INTO GENRE (bookID,genre) VALUES (28878,'Documentary');
INSERT INTO GENRE (bookID,genre) VALUES (86535,'Eastern');
INSERT INTO GENRE (bookID,genre) VALUES (82067,'RomCom');
INSERT INTO GENRE (bookID,genre) VALUES (38427,'RomCom');
INSERT INTO GENRE (bookID,genre) VALUES (88005,'Course litterature');
INSERT INTO GENRE (bookID,genre) VALUES (73221,'Fantasy');
INSERT INTO GENRE (bookID,genre) VALUES (22662,'Western');
INSERT INTO GENRE (bookID,genre) VALUES (58947,'Documentary');
INSERT INTO GENRE (bookID,genre) VALUES (15000,'Action');
INSERT INTO GENRE (bookID,genre) VALUES (27050,'Sci-fi');
INSERT INTO GENRE (bookID,genre) VALUES (72055,'Sci-fi');
INSERT INTO GENRE (bookID,genre) VALUES (84808,'Comedy');
INSERT INTO GENRE (bookID,genre) VALUES (43706,'Southern');
INSERT INTO GENRE (bookID,genre) VALUES (63645,'RomCom');
INSERT INTO GENRE (bookID,genre) VALUES (62705,'Southern');
INSERT INTO GENRE (bookID,genre) VALUES (69453,'Horror');
INSERT INTO GENRE (bookID,genre) VALUES (42916,'Western');
INSERT INTO GENRE (bookID,genre) VALUES (84057,'Spooky');
INSERT INTO GENRE (bookID,genre) VALUES (49445,'Comedy');
INSERT INTO GENRE (bookID,genre) VALUES (66093,'Fantasy');
INSERT INTO GENRE (bookID,genre) VALUES (84509,'Fantasy');
INSERT INTO GENRE (bookID,genre) VALUES (48722,'Eastern');
INSERT INTO GENRE (bookID,genre) VALUES (34337,'RomCom');
INSERT INTO GENRE (bookID,genre) VALUES (80013,'Eastern');
INSERT INTO GENRE (bookID,genre) VALUES (84730,'Northern');
INSERT INTO GENRE (bookID,genre) VALUES (92565,'Documentary');
INSERT INTO GENRE (bookID,genre) VALUES (47386,'Course litterature');
INSERT INTO GENRE (bookID,genre) VALUES (99672,'Course litterature');
INSERT INTO GENRE (bookID,genre) VALUES (70742,'RomCom');
INSERT INTO GENRE (bookID,genre) VALUES (33441,'Sci-fi');
INSERT INTO GENRE (bookID,genre) VALUES (16683,'Romantic');
INSERT INTO GENRE (bookID,genre) VALUES (91117,'Thriller');
INSERT INTO GENRE (bookID,genre) VALUES (84936,'Horror');
INSERT INTO GENRE (bookID,genre) VALUES (68052,'Fantasy');
INSERT INTO GENRE (bookID,genre) VALUES (28974,'Thriller');
INSERT INTO GENRE (bookID,genre) VALUES (50776,'Thriller');
INSERT INTO GENRE (bookID,genre) VALUES (57296,'Documentary');
INSERT INTO GENRE (bookID,genre) VALUES (52099,'Northern');
INSERT INTO GENRE (bookID,genre) VALUES (57981,'Documentary');
INSERT INTO GENRE (bookID,genre) VALUES (70579,'Fantasy');
INSERT INTO GENRE (bookID,genre) VALUES (11086,'Spooky');
INSERT INTO GENRE (bookID,genre) VALUES (55340,'Thriller');
INSERT INTO GENRE (bookID,genre) VALUES (91511,'Horror');
INSERT INTO GENRE (bookID,genre) VALUES (25359,'Eastern');
INSERT INTO GENRE (bookID,genre) VALUES (83424,'Action');
INSERT INTO GENRE (bookID,genre) VALUES (21259,'RomCom');
INSERT INTO GENRE (bookID,genre) VALUES (33522,'Documentary');
INSERT INTO GENRE (bookID,genre) VALUES (40673,'Sci-fi');
INSERT INTO GENRE (bookID,genre) VALUES (58963,'Southern');
INSERT INTO GENRE (bookID,genre) VALUES (60090,'Thriller');
INSERT INTO GENRE (bookID,genre) VALUES (80708,'Horror');
INSERT INTO GENRE (bookID,genre) VALUES (67915,'Romantic');
INSERT INTO GENRE (bookID,genre) VALUES (13926,'Documentary');
INSERT INTO GENRE (bookID,genre) VALUES (83605,'Eastern');
INSERT INTO GENRE (bookID,genre) VALUES (84413,'Action');
INSERT INTO GENRE (bookID,genre) VALUES (81189,'Western');
INSERT INTO GENRE (bookID,genre) VALUES (34204,'Thriller');
INSERT INTO GENRE (bookID,genre) VALUES (15386,'Spooky');
INSERT INTO GENRE (bookID,genre) VALUES (45602,'Sci-fi');
INSERT INTO GENRE (bookID,genre) VALUES (16689,'Northern');
INSERT INTO GENRE (bookID,genre) VALUES (94660,'Southern');
INSERT INTO GENRE (bookID,genre) VALUES (53891,'Southern');
INSERT INTO GENRE (bookID,genre) VALUES (43196,'Course litterature');
INSERT INTO GENRE (bookID,genre) VALUES (34295,'Documentary');
INSERT INTO GENRE (bookID,genre) VALUES (51251,'Thriller');
INSERT INTO GENRE (bookID,genre) VALUES (21017,'Fantasy');
INSERT INTO GENRE (bookID,genre) VALUES (37519,'Thriller');
INSERT INTO GENRE (bookID,genre) VALUES (26138,'Northern');
INSERT INTO GENRE (bookID,genre) VALUES (9684,'Thriller');
INSERT INTO GENRE (bookID,genre) VALUES (26000,'Fantasy');
INSERT INTO GENRE (bookID,genre) VALUES (49759,'Action');
INSERT INTO GENRE (bookID,genre) VALUES (26001,'Sci-fi');
INSERT INTO GENRE (bookID,genre) VALUES (10367,'Comedy');
INSERT INTO GENRE (bookID,genre) VALUES (8693,'Spooky');
INSERT INTO GENRE (bookID,genre) VALUES (73986,'Northern');
INSERT INTO GENRE (bookID,genre) VALUES (70902,'Southern');
INSERT INTO GENRE (bookID,genre) VALUES (13190,'Course litterature');
INSERT INTO GENRE (bookID,genre) VALUES (38276,'Northern');
INSERT INTO GENRE (bookID,genre) VALUES (37456,'Course litterature');
INSERT INTO GENRE (bookID,genre) VALUES (63135,'Southern');
INSERT INTO GENRE (bookID,genre) VALUES (33712,'Course litterature');
INSERT INTO GENRE (bookID,genre) VALUES (14900,'Northern');
INSERT INTO GENRE (bookID,genre) VALUES (65051,'Eastern');
INSERT INTO GENRE (bookID,genre) VALUES (93084,'Course litterature');
INSERT INTO GENRE (bookID,genre) VALUES (57724,'Horror');
INSERT INTO GENRE (bookID,genre) VALUES (74776,'RomCom');
INSERT INTO GENRE (bookID,genre) VALUES (28510,'Action');
INSERT INTO GENRE (bookID,genre) VALUES (75055,'RomCom');
INSERT INTO GENRE (bookID,genre) VALUES (59041,'Comedy');
INSERT INTO GENRE (bookID,genre) VALUES (34588,'Romantic');
INSERT INTO GENRE (bookID,genre) VALUES (53018,'Horror');
INSERT INTO GENRE (bookID,genre) VALUES (71524,'Spooky');
INSERT INTO GENRE (bookID,genre) VALUES (65617,'RomCom');
INSERT INTO GENRE (bookID,genre) VALUES (84901,'Documentary');
INSERT INTO GENRE (bookID,genre) VALUES (63008,'Romantic');
INSERT INTO GENRE (bookID,genre) VALUES (3724,'Course litterature');
INSERT INTO GENRE (bookID,genre) VALUES (71238,'Eastern');
INSERT INTO GENRE (bookID,genre) VALUES (79734,'Action');
INSERT INTO GENRE (bookID,genre) VALUES (60817,'Comedy');
INSERT INTO GENRE (bookID,genre) VALUES (334,'Comedy');
INSERT INTO GENRE (bookID,genre) VALUES (32738,'RomCom');
INSERT INTO GENRE (bookID,genre) VALUES (77852,'Sci-fi');
INSERT INTO GENRE (bookID,genre) VALUES (62198,'Documentary');
INSERT INTO GENRE (bookID,genre) VALUES (81386,'Horror');
INSERT INTO GENRE (bookID,genre) VALUES (57981,'Northern');
INSERT INTO GENRE (bookID,genre) VALUES (1871,'Northern');
INSERT INTO GENRE (bookID,genre) VALUES (86125,'Western');
INSERT INTO GENRE (bookID,genre) VALUES (54452,'Northern');
INSERT INTO GENRE (bookID,genre) VALUES (3546,'Eastern');
INSERT INTO GENRE (bookID,genre) VALUES (88384,'Romantic');
INSERT INTO GENRE (bookID,genre) VALUES (76821,'Thriller');
INSERT INTO GENRE (bookID,genre) VALUES (65071,'Documentary');
INSERT INTO GENRE (bookID,genre) VALUES (3947,'Northern');
INSERT INTO GENRE (bookID,genre) VALUES (93091,'Spooky');
INSERT INTO GENRE (bookID,genre) VALUES (66743,'Eastern');
INSERT INTO GENRE (bookID,genre) VALUES (51843,'Eastern');
INSERT INTO GENRE (bookID,genre) VALUES (3747,'Western');
INSERT INTO GENRE (bookID,genre) VALUES (88162,'Course litterature');
INSERT INTO GENRE (bookID,genre) VALUES (53289,'Sci-fi');
INSERT INTO GENRE (bookID,genre) VALUES (41636,'Sci-fi');
INSERT INTO GENRE (bookID,genre) VALUES (41121,'Thriller');
INSERT INTO GENRE (bookID,genre) VALUES (29287,'Northern');
INSERT INTO GENRE (bookID,genre) VALUES (46899,'Thriller');
INSERT INTO GENRE (bookID,genre) VALUES (30553,'Documentary');
INSERT INTO GENRE (bookID,genre) VALUES (90293,'Western');
INSERT INTO GENRE (bookID,genre) VALUES (74532,'Action');
INSERT INTO GENRE (bookID,genre) VALUES (74737,'Spooky');
INSERT INTO GENRE (bookID,genre) VALUES (77499,'Action');
INSERT INTO GENRE (bookID,genre) VALUES (77648,'Horror');
INSERT INTO GENRE (bookID,genre) VALUES (52990,'Comedy');
INSERT INTO GENRE (bookID,genre) VALUES (85466,'Romantic');
INSERT INTO GENRE (bookID,genre) VALUES (7458,'Sci-fi');
INSERT INTO GENRE (bookID,genre) VALUES (2985,'Eastern');
INSERT INTO GENRE (bookID,genre) VALUES (76418,'Action');
INSERT INTO GENRE (bookID,genre) VALUES (37822,'Action');
INSERT INTO GENRE (bookID,genre) VALUES (8713,'Romantic');
INSERT INTO GENRE (bookID,genre) VALUES (80429,'Horror');
INSERT INTO GENRE (bookID,genre) VALUES (17696,'Northern');
INSERT INTO GENRE (bookID,genre) VALUES (96777,'Eastern');
INSERT INTO GENRE (bookID,genre) VALUES (84640,'RomCom');

INSERT INTO LANGUAGE (bookID,language) VALUES (90188,'Greek');
INSERT INTO LANGUAGE (bookID,language) VALUES (60859,'Burmese');
INSERT INTO LANGUAGE (bookID,language) VALUES (47657,'Turkish');
INSERT INTO LANGUAGE (bookID,language) VALUES (27181,'Mandarin');
INSERT INTO LANGUAGE (bookID,language) VALUES (21150,'Czech');
INSERT INTO LANGUAGE (bookID,language) VALUES (38205,'Portuguese');
INSERT INTO LANGUAGE (bookID,language) VALUES (58661,'Turkish');
INSERT INTO LANGUAGE (bookID,language) VALUES (18302,'Amharic');
INSERT INTO LANGUAGE (bookID,language) VALUES (73129,'Chittagonian');
INSERT INTO LANGUAGE (bookID,language) VALUES (47711,'Swedish');
INSERT INTO LANGUAGE (bookID,language) VALUES (1801,'Greek');
INSERT INTO LANGUAGE (bookID,language) VALUES (40653,'Portuguese');
INSERT INTO LANGUAGE (bookID,language) VALUES (75419,'Greek');
INSERT INTO LANGUAGE (bookID,language) VALUES (80760,'English');
INSERT INTO LANGUAGE (bookID,language) VALUES (38768,'Mandarin');
INSERT INTO LANGUAGE (bookID,language) VALUES (56110,'Chittagonian');
INSERT INTO LANGUAGE (bookID,language) VALUES (97153,'Japanese');
INSERT INTO LANGUAGE (bookID,language) VALUES (23646,'Greek');
INSERT INTO LANGUAGE (bookID,language) VALUES (34102,'Czech');
INSERT INTO LANGUAGE (bookID,language) VALUES (67114,'Chittagonian');
INSERT INTO LANGUAGE (bookID,language) VALUES (8951,'Burmese');
INSERT INTO LANGUAGE (bookID,language) VALUES (3650,'Chittagonian');
INSERT INTO LANGUAGE (bookID,language) VALUES (87152,'English');
INSERT INTO LANGUAGE (bookID,language) VALUES (51683,'Turkish');
INSERT INTO LANGUAGE (bookID,language) VALUES (91357,'Swedish');
INSERT INTO LANGUAGE (bookID,language) VALUES (18965,'Marathi');
INSERT INTO LANGUAGE (bookID,language) VALUES (39981,'French');
INSERT INTO LANGUAGE (bookID,language) VALUES (66749,'Burmese');
INSERT INTO LANGUAGE (bookID,language) VALUES (45980,'French');
INSERT INTO LANGUAGE (bookID,language) VALUES (60532,'Swedish');
INSERT INTO LANGUAGE (bookID,language) VALUES (62214,'Swedish');
INSERT INTO LANGUAGE (bookID,language) VALUES (17287,'Mandarin');
INSERT INTO LANGUAGE (bookID,language) VALUES (41290,'Burmese');
INSERT INTO LANGUAGE (bookID,language) VALUES (60479,'Marathi');
INSERT INTO LANGUAGE (bookID,language) VALUES (22374,'Japanese');
INSERT INTO LANGUAGE (bookID,language) VALUES (85058,'Polish');
INSERT INTO LANGUAGE (bookID,language) VALUES (39011,'Turkish');
INSERT INTO LANGUAGE (bookID,language) VALUES (99938,'Polish');
INSERT INTO LANGUAGE (bookID,language) VALUES (65670,'Japanese');
INSERT INTO LANGUAGE (bookID,language) VALUES (5035,'Greek');
INSERT INTO LANGUAGE (bookID,language) VALUES (7413,'Japanese');
INSERT INTO LANGUAGE (bookID,language) VALUES (95660,'Polish');
INSERT INTO LANGUAGE (bookID,language) VALUES (48515,'Swedish');
INSERT INTO LANGUAGE (bookID,language) VALUES (7922,'Japanese');
INSERT INTO LANGUAGE (bookID,language) VALUES (51757,'Polish');
INSERT INTO LANGUAGE (bookID,language) VALUES (58949,'Amharic');
INSERT INTO LANGUAGE (bookID,language) VALUES (37642,'Portuguese');
INSERT INTO LANGUAGE (bookID,language) VALUES (27606,'Turkish');
INSERT INTO LANGUAGE (bookID,language) VALUES (54746,'Marathi');
INSERT INTO LANGUAGE (bookID,language) VALUES (95305,'Czech');
INSERT INTO LANGUAGE (bookID,language) VALUES (10697,'Japanese');
INSERT INTO LANGUAGE (bookID,language) VALUES (78451,'Amharic');
INSERT INTO LANGUAGE (bookID,language) VALUES (72286,'Turkish');
INSERT INTO LANGUAGE (bookID,language) VALUES (7004,'Japanese');
INSERT INTO LANGUAGE (bookID,language) VALUES (91386,'Japanese');
INSERT INTO LANGUAGE (bookID,language) VALUES (95650,'Polish');
INSERT INTO LANGUAGE (bookID,language) VALUES (98193,'Marathi');
INSERT INTO LANGUAGE (bookID,language) VALUES (50994,'Greek');
INSERT INTO LANGUAGE (bookID,language) VALUES (2249,'Greek');
INSERT INTO LANGUAGE (bookID,language) VALUES (47510,'French');
INSERT INTO LANGUAGE (bookID,language) VALUES (27709,'Japanese');
INSERT INTO LANGUAGE (bookID,language) VALUES (30568,'Turkish');
INSERT INTO LANGUAGE (bookID,language) VALUES (86666,'Amharic');
INSERT INTO LANGUAGE (bookID,language) VALUES (59549,'Chittagonian');
INSERT INTO LANGUAGE (bookID,language) VALUES (88259,'Chittagonian');
INSERT INTO LANGUAGE (bookID,language) VALUES (30200,'Swedish');
INSERT INTO LANGUAGE (bookID,language) VALUES (33853,'Mandarin');
INSERT INTO LANGUAGE (bookID,language) VALUES (39230,'Swedish');
INSERT INTO LANGUAGE (bookID,language) VALUES (70130,'Mandarin');
INSERT INTO LANGUAGE (bookID,language) VALUES (14393,'English');
INSERT INTO LANGUAGE (bookID,language) VALUES (95220,'Portuguese');
INSERT INTO LANGUAGE (bookID,language) VALUES (9824,'Portuguese');
INSERT INTO LANGUAGE (bookID,language) VALUES (86932,'Czech');
INSERT INTO LANGUAGE (bookID,language) VALUES (75155,'Burmese');
INSERT INTO LANGUAGE (bookID,language) VALUES (50047,'English');
INSERT INTO LANGUAGE (bookID,language) VALUES (58442,'Chittagonian');
INSERT INTO LANGUAGE (bookID,language) VALUES (34095,'Czech');
INSERT INTO LANGUAGE (bookID,language) VALUES (20244,'Amharic');
INSERT INTO LANGUAGE (bookID,language) VALUES (93630,'Swedish');
INSERT INTO LANGUAGE (bookID,language) VALUES (77652,'English');
INSERT INTO LANGUAGE (bookID,language) VALUES (28878,'Turkish');
INSERT INTO LANGUAGE (bookID,language) VALUES (86535,'Czech');
INSERT INTO LANGUAGE (bookID,language) VALUES (82067,'Turkish');
INSERT INTO LANGUAGE (bookID,language) VALUES (38427,'Marathi');
INSERT INTO LANGUAGE (bookID,language) VALUES (88005,'Chittagonian');
INSERT INTO LANGUAGE (bookID,language) VALUES (73221,'Turkish');
INSERT INTO LANGUAGE (bookID,language) VALUES (22662,'Portuguese');
INSERT INTO LANGUAGE (bookID,language) VALUES (58947,'Amharic');
INSERT INTO LANGUAGE (bookID,language) VALUES (15000,'Amharic');
INSERT INTO LANGUAGE (bookID,language) VALUES (27050,'English');
INSERT INTO LANGUAGE (bookID,language) VALUES (72055,'Turkish');
INSERT INTO LANGUAGE (bookID,language) VALUES (84808,'English');
INSERT INTO LANGUAGE (bookID,language) VALUES (43706,'Turkish');
INSERT INTO LANGUAGE (bookID,language) VALUES (63645,'Czech');
INSERT INTO LANGUAGE (bookID,language) VALUES (62705,'Greek');
INSERT INTO LANGUAGE (bookID,language) VALUES (69453,'Mandarin');
INSERT INTO LANGUAGE (bookID,language) VALUES (42916,'Marathi');
INSERT INTO LANGUAGE (bookID,language) VALUES (84057,'Chittagonian');
INSERT INTO LANGUAGE (bookID,language) VALUES (49445,'Burmese');
INSERT INTO LANGUAGE (bookID,language) VALUES (66093,'Mandarin');
INSERT INTO LANGUAGE (bookID,language) VALUES (84509,'Marathi');
INSERT INTO LANGUAGE (bookID,language) VALUES (48722,'Marathi');
INSERT INTO LANGUAGE (bookID,language) VALUES (34337,'Chittagonian');
INSERT INTO LANGUAGE (bookID,language) VALUES (80013,'French');
INSERT INTO LANGUAGE (bookID,language) VALUES (84730,'Greek');
INSERT INTO LANGUAGE (bookID,language) VALUES (92565,'Greek');
INSERT INTO LANGUAGE (bookID,language) VALUES (47386,'Polish');
INSERT INTO LANGUAGE (bookID,language) VALUES (99672,'French');
INSERT INTO LANGUAGE (bookID,language) VALUES (70742,'Chittagonian');
INSERT INTO LANGUAGE (bookID,language) VALUES (33441,'Greek');
INSERT INTO LANGUAGE (bookID,language) VALUES (16683,'Swedish');
INSERT INTO LANGUAGE (bookID,language) VALUES (91117,'Polish');
INSERT INTO LANGUAGE (bookID,language) VALUES (84936,'Amharic');
INSERT INTO LANGUAGE (bookID,language) VALUES (68052,'Turkish');
INSERT INTO LANGUAGE (bookID,language) VALUES (28974,'Portuguese');
INSERT INTO LANGUAGE (bookID,language) VALUES (50776,'Japanese');
INSERT INTO LANGUAGE (bookID,language) VALUES (57296,'Portuguese');
INSERT INTO LANGUAGE (bookID,language) VALUES (52099,'Chittagonian');
INSERT INTO LANGUAGE (bookID,language) VALUES (57981,'Amharic');
INSERT INTO LANGUAGE (bookID,language) VALUES (70579,'Turkish');
INSERT INTO LANGUAGE (bookID,language) VALUES (11086,'Greek');
INSERT INTO LANGUAGE (bookID,language) VALUES (55340,'Portuguese');
INSERT INTO LANGUAGE (bookID,language) VALUES (91511,'Chittagonian');
INSERT INTO LANGUAGE (bookID,language) VALUES (25359,'Amharic');
INSERT INTO LANGUAGE (bookID,language) VALUES (83424,'Turkish');
INSERT INTO LANGUAGE (bookID,language) VALUES (21259,'Japanese');
INSERT INTO LANGUAGE (bookID,language) VALUES (33522,'English');
INSERT INTO LANGUAGE (bookID,language) VALUES (40673,'Marathi');
INSERT INTO LANGUAGE (bookID,language) VALUES (58963,'Czech');
INSERT INTO LANGUAGE (bookID,language) VALUES (60090,'Chittagonian');
INSERT INTO LANGUAGE (bookID,language) VALUES (80708,'Greek');
INSERT INTO LANGUAGE (bookID,language) VALUES (67915,'Greek');
INSERT INTO LANGUAGE (bookID,language) VALUES (13926,'Greek');
INSERT INTO LANGUAGE (bookID,language) VALUES (83605,'Swedish');
INSERT INTO LANGUAGE (bookID,language) VALUES (84413,'Chittagonian');
INSERT INTO LANGUAGE (bookID,language) VALUES (81189,'Burmese');
INSERT INTO LANGUAGE (bookID,language) VALUES (34204,'Amharic');
INSERT INTO LANGUAGE (bookID,language) VALUES (15386,'Greek');
INSERT INTO LANGUAGE (bookID,language) VALUES (45602,'Mandarin');
INSERT INTO LANGUAGE (bookID,language) VALUES (16689,'Burmese');
INSERT INTO LANGUAGE (bookID,language) VALUES (94660,'French');
INSERT INTO LANGUAGE (bookID,language) VALUES (53891,'Amharic');
INSERT INTO LANGUAGE (bookID,language) VALUES (43196,'Turkish');
INSERT INTO LANGUAGE (bookID,language) VALUES (34295,'Greek');
INSERT INTO LANGUAGE (bookID,language) VALUES (51251,'Chittagonian');
INSERT INTO LANGUAGE (bookID,language) VALUES (21017,'Mandarin');
INSERT INTO LANGUAGE (bookID,language) VALUES (37519,'Turkish');
INSERT INTO LANGUAGE (bookID,language) VALUES (26138,'Swedish');
INSERT INTO LANGUAGE (bookID,language) VALUES (9684,'Turkish');
INSERT INTO LANGUAGE (bookID,language) VALUES (26000,'Greek');
INSERT INTO LANGUAGE (bookID,language) VALUES (49759,'Japanese');
INSERT INTO LANGUAGE (bookID,language) VALUES (26001,'English');
INSERT INTO LANGUAGE (bookID,language) VALUES (10367,'Turkish');
INSERT INTO LANGUAGE (bookID,language) VALUES (8693,'Polish');
INSERT INTO LANGUAGE (bookID,language) VALUES (73986,'Japanese');
INSERT INTO LANGUAGE (bookID,language) VALUES (70902,'Swedish');
INSERT INTO LANGUAGE (bookID,language) VALUES (13190,'French');
INSERT INTO LANGUAGE (bookID,language) VALUES (38276,'Burmese');
INSERT INTO LANGUAGE (bookID,language) VALUES (37456,'Burmese');
INSERT INTO LANGUAGE (bookID,language) VALUES (63135,'Swedish');
INSERT INTO LANGUAGE (bookID,language) VALUES (33712,'Mandarin');
INSERT INTO LANGUAGE (bookID,language) VALUES (14900,'English');
INSERT INTO LANGUAGE (bookID,language) VALUES (65051,'Mandarin');
INSERT INTO LANGUAGE (bookID,language) VALUES (93084,'Czech');
INSERT INTO LANGUAGE (bookID,language) VALUES (57724,'French');
INSERT INTO LANGUAGE (bookID,language) VALUES (74776,'Burmese');
INSERT INTO LANGUAGE (bookID,language) VALUES (28510,'Greek');
INSERT INTO LANGUAGE (bookID,language) VALUES (75055,'French');
INSERT INTO LANGUAGE (bookID,language) VALUES (59041,'Portuguese');
INSERT INTO LANGUAGE (bookID,language) VALUES (34588,'Czech');
INSERT INTO LANGUAGE (bookID,language) VALUES (53018,'English');
INSERT INTO LANGUAGE (bookID,language) VALUES (71524,'Greek');
INSERT INTO LANGUAGE (bookID,language) VALUES (65617,'Burmese');
INSERT INTO LANGUAGE (bookID,language) VALUES (84901,'Burmese');
INSERT INTO LANGUAGE (bookID,language) VALUES (63008,'Japanese');
INSERT INTO LANGUAGE (bookID,language) VALUES (3724,'Mandarin');
INSERT INTO LANGUAGE (bookID,language) VALUES (71238,'Greek');
INSERT INTO LANGUAGE (bookID,language) VALUES (79734,'Marathi');
INSERT INTO LANGUAGE (bookID,language) VALUES (60817,'Greek');
INSERT INTO LANGUAGE (bookID,language) VALUES (334,'Marathi');
INSERT INTO LANGUAGE (bookID,language) VALUES (32738,'Swedish');
INSERT INTO LANGUAGE (bookID,language) VALUES (77852,'Amharic');
INSERT INTO LANGUAGE (bookID,language) VALUES (62198,'Turkish');
INSERT INTO LANGUAGE (bookID,language) VALUES (81386,'English');
INSERT INTO LANGUAGE (bookID,language) VALUES (57981,'Portuguese');
INSERT INTO LANGUAGE (bookID,language) VALUES (1871,'Amharic');
INSERT INTO LANGUAGE (bookID,language) VALUES (86125,'Amharic');
INSERT INTO LANGUAGE (bookID,language) VALUES (54452,'Marathi');
INSERT INTO LANGUAGE (bookID,language) VALUES (3546,'Swedish');
INSERT INTO LANGUAGE (bookID,language) VALUES (88384,'Greek');
INSERT INTO LANGUAGE (bookID,language) VALUES (76821,'Turkish');
INSERT INTO LANGUAGE (bookID,language) VALUES (65071,'Chittagonian');
INSERT INTO LANGUAGE (bookID,language) VALUES (3947,'Turkish');
INSERT INTO LANGUAGE (bookID,language) VALUES (93091,'Mandarin');
INSERT INTO LANGUAGE (bookID,language) VALUES (66743,'English');
INSERT INTO LANGUAGE (bookID,language) VALUES (51843,'Burmese');
INSERT INTO LANGUAGE (bookID,language) VALUES (3747,'French');
INSERT INTO LANGUAGE (bookID,language) VALUES (88162,'Turkish');
INSERT INTO LANGUAGE (bookID,language) VALUES (53289,'Turkish');
INSERT INTO LANGUAGE (bookID,language) VALUES (41636,'Marathi');
INSERT INTO LANGUAGE (bookID,language) VALUES (41121,'Japanese');
INSERT INTO LANGUAGE (bookID,language) VALUES (29287,'English');
INSERT INTO LANGUAGE (bookID,language) VALUES (46899,'Mandarin');
INSERT INTO LANGUAGE (bookID,language) VALUES (30553,'Czech');
INSERT INTO LANGUAGE (bookID,language) VALUES (90293,'Mandarin');
INSERT INTO LANGUAGE (bookID,language) VALUES (74532,'Polish');
INSERT INTO LANGUAGE (bookID,language) VALUES (74737,'Burmese');
INSERT INTO LANGUAGE (bookID,language) VALUES (77499,'Burmese');
INSERT INTO LANGUAGE (bookID,language) VALUES (77648,'Czech');
INSERT INTO LANGUAGE (bookID,language) VALUES (52990,'Greek');
INSERT INTO LANGUAGE (bookID,language) VALUES (85466,'Turkish');
INSERT INTO LANGUAGE (bookID,language) VALUES (7458,'French');
INSERT INTO LANGUAGE (bookID,language) VALUES (2985,'Japanese');
INSERT INTO LANGUAGE (bookID,language) VALUES (76418,'Turkish');
INSERT INTO LANGUAGE (bookID,language) VALUES (37822,'French');
INSERT INTO LANGUAGE (bookID,language) VALUES (8713,'Marathi');
INSERT INTO LANGUAGE (bookID,language) VALUES (80429,'Marathi');
INSERT INTO LANGUAGE (bookID,language) VALUES (17696,'Portuguese');
INSERT INTO LANGUAGE (bookID,language) VALUES (96777,'Marathi');
INSERT INTO LANGUAGE (bookID,language) VALUES (84640,'French');

INSERT INTO USERS (userID,name,email,address) VALUES (3762,'James Butt','JaBut@kth.nu',' "John B Jr');
INSERT INTO USERS (userID,name,email,address) VALUES (4448,'Josephine Darakjy','JoDar@kth.nu',' Jeffrey A Esq');
INSERT INTO USERS (userID,name,email,address) VALUES (1156,'Art Venere','ArVen@kth.nu',' James L Cpa');
INSERT INTO USERS (userID,name,email,address) VALUES (1267,'Lenna Paprocki','LePap@kth.nu','639 Main St');
INSERT INTO USERS (userID,name,email,address) VALUES (277,'Donette Foller','DoFol@kth.nu','34 Center St');
INSERT INTO USERS (userID,name,email,address) VALUES (1153,'Simona Morasca','SiMor@kth.nu',' Ross E Esq');
INSERT INTO USERS (userID,name,email,address) VALUES (4804,'Mitsue Tollner','MiTol@kth.nu','7 Eads St');
INSERT INTO USERS (userID,name,email,address) VALUES (2464,'Leota Dilliard','LeDil@kth.nu','7 W Jackson Blvd');
INSERT INTO USERS (userID,name,email,address) VALUES (4743,'Sage Wieser','SaWie@kth.nu','5 Boston Ave #88');
INSERT INTO USERS (userID,name,email,address) VALUES (1279,'Kris Marrier','KrMar@kth.nu',' Christopher A Esq');
INSERT INTO USERS (userID,name,email,address) VALUES (2722,'Minna Amigon','MiAmi@kth.nu',' "James J Esq');
INSERT INTO USERS (userID,name,email,address) VALUES (2629,'Abel Maclead','AbMac@kth.nu','37275 St  Rt 17m M');
INSERT INTO USERS (userID,name,email,address) VALUES (2011,'Kiley Caldarera','KiCal@kth.nu','25 E 75th St #69');
INSERT INTO USERS (userID,name,email,address) VALUES (1116,'Graciela Ruta','GrRut@kth.nu','98 Connecticut Ave Nw');
INSERT INTO USERS (userID,name,email,address) VALUES (3297,'Cammy Albares','CaAlb@kth.nu',' Michael Esq');
INSERT INTO USERS (userID,name,email,address) VALUES (832,'Mattie Poquette','MaPoq@kth.nu','73 State Road 434 E');
INSERT INTO USERS (userID,name,email,address) VALUES (1861,'Meaghan Garufi','MeGar@kth.nu',' Wilbur Esq');
INSERT INTO USERS (userID,name,email,address) VALUES (3687,'Gladys Rim','GlRim@kth.nu','322 New Horizon Blvd');
INSERT INTO USERS (userID,name,email,address) VALUES (353,'Yuki Whobrey','YuWho@kth.nu','1 State Route 27');
INSERT INTO USERS (userID,name,email,address) VALUES (3907,'Fletcher Flosi','FlFlo@kth.nu','394 Manchester Blvd');
INSERT INTO USERS (userID,name,email,address) VALUES (4151,'Bette Nicka','BeNic@kth.nu','6 S 33rd St');
INSERT INTO USERS (userID,name,email,address) VALUES (270,'Veronika Inouye','VeIno@kth.nu','6 Greenleaf Ave');
INSERT INTO USERS (userID,name,email,address) VALUES (1258,'Willard Kolmetz','WiKol@kth.nu',' Donald R Esq');
INSERT INTO USERS (userID,name,email,address) VALUES (2925,'Maryann Royster','MaRoy@kth.nu',' Peter L Esq');
INSERT INTO USERS (userID,name,email,address) VALUES (4249,'Alisha Slusarski','AlSlu@kth.nu','3273 State St');
INSERT INTO USERS (userID,name,email,address) VALUES (3745,'Allene Iturbide','AlItu@kth.nu',' David Esq');
INSERT INTO USERS (userID,name,email,address) VALUES (4416,'Chanel Caudy','ChCau@kth.nu','86 Nw 66th St #8673');
INSERT INTO USERS (userID,name,email,address) VALUES (2230,'Ezekiel Chui','EzChu@kth.nu',' Donald C Esq');
INSERT INTO USERS (userID,name,email,address) VALUES (2804,'Willow Kusko','WiKus@kth.nu','90991 Thorburn Ave');
INSERT INTO USERS (userID,name,email,address) VALUES (2346,'Bernardo Figeroa','BeFig@kth.nu',' Richard Cpa');
INSERT INTO USERS (userID,name,email,address) VALUES (4728,'Ammie Corrio','AmCor@kth.nu',' Barry S');
INSERT INTO USERS (userID,name,email,address) VALUES (3962,'Francine Vocelka','FrVoc@kth.nu','366 South Dr');
INSERT INTO USERS (userID,name,email,address) VALUES (1024,'Ernie Stenseth','ErSte@kth.nu','45 E Liberty St');
INSERT INTO USERS (userID,name,email,address) VALUES (4851,'Albina Glick','AlGli@kth.nu',' Anthony D');
INSERT INTO USERS (userID,name,email,address) VALUES (866,'Alishia Sergi','AlSer@kth.nu','2742 Distribution Way');
INSERT INTO USERS (userID,name,email,address) VALUES (4915,'Solange Shinko','SoShi@kth.nu',' Ronald A');
INSERT INTO USERS (userID,name,email,address) VALUES (1512,'Jose Stockham','JoSto@kth.nu','128 Bransten Rd');
INSERT INTO USERS (userID,name,email,address) VALUES (4624,'Rozella Ostrosky','RoOst@kth.nu','17 Morena Blvd');
INSERT INTO USERS (userID,name,email,address) VALUES (3667,'Valentine Gillian','VaGil@kth.nu','775 W 17th St');
INSERT INTO USERS (userID,name,email,address) VALUES (1354,'Kati Rulapaugh','KaRul@kth.nu','6980 Dorsett Rd');
INSERT INTO USERS (userID,name,email,address) VALUES (4458,'Youlanda Schemmer','YoSch@kth.nu','2881 Lewis Rd');
INSERT INTO USERS (userID,name,email,address) VALUES (2848,'Dyan Oldroyd','DyOld@kth.nu','7219 Woodfield Rd');
INSERT INTO USERS (userID,name,email,address) VALUES (3927,'Roxane Campain','RoCam@kth.nu','1048 Main St');
INSERT INTO USERS (userID,name,email,address) VALUES (1019,'Lavera Perin','LaPer@kth.nu','678 3rd Ave');
INSERT INTO USERS (userID,name,email,address) VALUES (158,'Erick Ferencz','ErFer@kth.nu','20 S Babcock St');
INSERT INTO USERS (userID,name,email,address) VALUES (2225,'Fatima Saylors','FaSay@kth.nu',' James D Esq');
INSERT INTO USERS (userID,name,email,address) VALUES (2748,'Jina Briddick','JiBri@kth.nu','38938 Park Blvd');
INSERT INTO USERS (userID,name,email,address) VALUES (1605,'Kanisha Waycott','KaWay@kth.nu',' Gene E Esq');
INSERT INTO USERS (userID,name,email,address) VALUES (1335,'Emerson Bowley','EmBow@kth.nu','762 S Main St');
INSERT INTO USERS (userID,name,email,address) VALUES (4159,'Blair Malet','BlMal@kth.nu','209 Decker Dr');
INSERT INTO USERS (userID,name,email,address) VALUES (3180,'Brock Bolognia','BrBol@kth.nu','4486 W O St #1');
INSERT INTO USERS (userID,name,email,address) VALUES (3348,'Lorrie Nestle','LoNes@kth.nu','39 S 7th St');
INSERT INTO USERS (userID,name,email,address) VALUES (1642,'Sabra Uyetake','SaUye@kth.nu','98839 Hawthorne Blvd #6101');
INSERT INTO USERS (userID,name,email,address) VALUES (556,'Marjory Mastella','MaMas@kth.nu','71 San Mateo Ave');
INSERT INTO USERS (userID,name,email,address) VALUES (175,'Karl Klonowski','KaKlo@kth.nu',' Michael M');
INSERT INTO USERS (userID,name,email,address) VALUES (2171,'Tonette Wenner','ToWen@kth.nu','4545 Courthouse Rd');
INSERT INTO USERS (userID,name,email,address) VALUES (4891,'Amber Monarrez','AmMon@kth.nu','14288 Foster Ave #4121');
INSERT INTO USERS (userID,name,email,address) VALUES (2589,'Shenika Seewald','ShSee@kth.nu','4 Otis St');
INSERT INTO USERS (userID,name,email,address) VALUES (1874,'Delmy Ahle','DeAhl@kth.nu','65895 S 16th St');
INSERT INTO USERS (userID,name,email,address) VALUES (1129,'Deeanna Juhas','DeJuh@kth.nu',' George W Iv');
INSERT INTO USERS (userID,name,email,address) VALUES (3236,'Blondell Pugh','BlPug@kth.nu','201 Hawk Ct');
INSERT INTO USERS (userID,name,email,address) VALUES (3057,'Jamal Vanausdal','JaVan@kth.nu',' Bruce Esq');
INSERT INTO USERS (userID,name,email,address) VALUES (1052,'Cecily Hollack','CeHol@kth.nu','59 N Groesbeck Hwy');
INSERT INTO USERS (userID,name,email,address) VALUES (924,'Carmelina Lindall','CaLin@kth.nu','2664 Lewis Rd');
INSERT INTO USERS (userID,name,email,address) VALUES (1506,'Maurine Yglesias','MaYgl@kth.nu',' Thomas C Md');
INSERT INTO USERS (userID,name,email,address) VALUES (436,'Tawna Buvens','TaBuv@kth.nu','3305 Nabell Ave #679');
INSERT INTO USERS (userID,name,email,address) VALUES (2893,'Penney Weight','PeWei@kth.nu','18 Fountain St');
INSERT INTO USERS (userID,name,email,address) VALUES (2223,'Elly Morocco','ElMor@kth.nu','7 W 32nd St');
INSERT INTO USERS (userID,name,email,address) VALUES (862,'Ilene Eroman','IlEro@kth.nu',' William J Esq');
INSERT INTO USERS (userID,name,email,address) VALUES (4726,'Vallie Mondella','VaMon@kth.nu','74 W College St');
INSERT INTO USERS (userID,name,email,address) VALUES (2466,'Kallie Blackwood','KaBla@kth.nu','701 S Harrison Rd');
INSERT INTO USERS (userID,name,email,address) VALUES (4277,'Johnetta Abdallah','JoAbd@kth.nu','1088 Pinehurst St');
INSERT INTO USERS (userID,name,email,address) VALUES (3957,'Bobbye Rhym','BoRhy@kth.nu',' Patricia Garity');
INSERT INTO USERS (userID,name,email,address) VALUES (453,'Micaela Rhymes','MiRhy@kth.nu','20932 Hedley St');
INSERT INTO USERS (userID,name,email,address) VALUES (1480,'Tamar Hoogland','TaHoo@kth.nu','2737 Pistorio Rd #9230');
INSERT INTO USERS (userID,name,email,address) VALUES (144,'Moon Parlato','MoPar@kth.nu',' Jessica M Md');
INSERT INTO USERS (userID,name,email,address) VALUES (0,'Laurel Reitler','LaRei@kth.nu','6 Kains Ave');
INSERT INTO USERS (userID,name,email,address) VALUES (3871,'Delisa Crupi','DeCru@kth.nu','47565 W Grand Ave');
INSERT INTO USERS (userID,name,email,address) VALUES (2032,'Viva Toelkes','ViToe@kth.nu','4284 Dorigo Ln');
INSERT INTO USERS (userID,name,email,address) VALUES (806,'Elza Lipke','ElLip@kth.nu','6794 Lake Dr E');
INSERT INTO USERS (userID,name,email,address) VALUES (1023,'Devorah Chickering','DeChi@kth.nu','31 Douglas Blvd #950');
INSERT INTO USERS (userID,name,email,address) VALUES (2688,'Timothy Mulqueen','TiMul@kth.nu','44 W 4th St');
INSERT INTO USERS (userID,name,email,address) VALUES (4394,'Arlette Honeywell','ArHon@kth.nu','11279 Loytan St');
INSERT INTO USERS (userID,name,email,address) VALUES (3755,'Dominque Dickerson','DoDic@kth.nu','69 Marquette Ave');
INSERT INTO USERS (userID,name,email,address) VALUES (2866,'Lettie Isenhower','LeIse@kth.nu',' Christopher A Esq');
INSERT INTO USERS (userID,name,email,address) VALUES (695,'Myra Munns','MyMun@kth.nu','461 Prospect Pl #316');
INSERT INTO USERS (userID,name,email,address) VALUES (4340,'Stephaine Barfield','StBar@kth.nu','47154 Whipple Ave Nw');
INSERT INTO USERS (userID,name,email,address) VALUES (4623,'Lai Gato','LaGat@kth.nu',' Kenneth I Jr');
INSERT INTO USERS (userID,name,email,address) VALUES (3114,'Stephen Emigh','StEmi@kth.nu',' J Daniel Esq');
INSERT INTO USERS (userID,name,email,address) VALUES (3071,'Tyra Shields','TyShi@kth.nu',' Anne H Esq');
INSERT INTO USERS (userID,name,email,address) VALUES (2280,'Tammara Wardrip','TaWar@kth.nu','4800 Black Horse Pike');
INSERT INTO USERS (userID,name,email,address) VALUES (2194,'Cory Gibes','CoGib@kth.nu','83649 W Belmont Ave');
INSERT INTO USERS (userID,name,email,address) VALUES (4751,'Danica Bruschke','DaBru@kth.nu',' Charles T');
INSERT INTO USERS (userID,name,email,address) VALUES (237,'Wilda Giguere','WiGig@kth.nu',' Luther W Cpa');
INSERT INTO USERS (userID,name,email,address) VALUES (3157,'Elvera Benimadho','ElBen@kth.nu','99385 Charity St #840');
INSERT INTO USERS (userID,name,email,address) VALUES (4218,'Carma Vanheusen','CaVan@kth.nu','68556 Central Hwy');
INSERT INTO USERS (userID,name,email,address) VALUES (1992,'Malinda Hochard','MaHoc@kth.nu','55 Riverside Ave');
INSERT INTO USERS (userID,name,email,address) VALUES (4319,'Natalie Fern','NaFer@kth.nu',' Charles G Esq');
INSERT INTO USERS (userID,name,email,address) VALUES (2498,'Lisha Centini','LiCen@kth.nu','64 5th Ave #1153');
INSERT INTO USERS (userID,name,email,address) VALUES (2265,'Arlene Klusman','ArKlu@kth.nu','3 Secor Rd');
INSERT INTO USERS (userID,name,email,address) VALUES (4001,'Alease Buemi','AlBue@kth.nu','4 Webbs Chapel Rd');
INSERT INTO USERS (userID,name,email,address) VALUES (2359,'Louisa Cronauer','LoCro@kth.nu','524 Louisiana Ave Nw');
INSERT INTO USERS (userID,name,email,address) VALUES (1546,'Angella Cetta','AnCet@kth.nu','185 Blackstone Bldge');
INSERT INTO USERS (userID,name,email,address) VALUES (2163,'Cyndy Goldammer','CyGol@kth.nu','170 Wyoming Ave');
INSERT INTO USERS (userID,name,email,address) VALUES (2785,'Rosio Cork','RoCor@kth.nu','4 10th St W');
INSERT INTO USERS (userID,name,email,address) VALUES (3258,'Celeste Korando','CeKor@kth.nu','7 W Pinhook Rd');
INSERT INTO USERS (userID,name,email,address) VALUES (4853,'Twana Felger','TwFel@kth.nu','1 Commerce Way');
INSERT INTO USERS (userID,name,email,address) VALUES (3409,'Estrella Samu','EsSam@kth.nu','64 Lakeview Ave');
INSERT INTO USERS (userID,name,email,address) VALUES (442,'Donte Kines','DoKin@kth.nu','3 Aspen St');
INSERT INTO USERS (userID,name,email,address) VALUES (3183,'Tiffiny Steffensmeier','TiSte@kth.nu','32860 Sierra Rd');
INSERT INTO USERS (userID,name,email,address) VALUES (2891,'Edna Miceli','EdMic@kth.nu','555 Main St');
INSERT INTO USERS (userID,name,email,address) VALUES (4609,'Sue Kownacki','SuKow@kth.nu','2 Se 3rd Ave');
INSERT INTO USERS (userID,name,email,address) VALUES (2039,'Jesusa Shin','JeShi@kth.nu',' A Thomas Esq');
INSERT INTO USERS (userID,name,email,address) VALUES (1397,'Rolland Francescon','RoFra@kth.nu',' Richard L Esq');
INSERT INTO USERS (userID,name,email,address) VALUES (3215,'Pamella Schmierer','PaSch@kth.nu','5161 Dorsett Rd');
INSERT INTO USERS (userID,name,email,address) VALUES (263,'Glory Kulzer','GlKul@kth.nu','55892 Jacksonville Rd');
INSERT INTO USERS (userID,name,email,address) VALUES (2815,'Shawna Palaspas','ShPal@kth.nu',' James L Esq');
INSERT INTO USERS (userID,name,email,address) VALUES (810,'Brandon Callaro','BrCal@kth.nu','7 Benton Dr');
INSERT INTO USERS (userID,name,email,address) VALUES (2010,'Scarlet Cartan','ScCar@kth.nu',' J Calvin Esq');
INSERT INTO USERS (userID,name,email,address) VALUES (2371,'Oretha Menter','OrMen@kth.nu','8 County Center Dr #647');
INSERT INTO USERS (userID,name,email,address) VALUES (3240,'Ty Smith','TySmi@kth.nu','4646 Kaahumanu St');
INSERT INTO USERS (userID,name,email,address) VALUES (3958,'Xuan Rochin','XuRoc@kth.nu',' Drake Sparks Esq');
INSERT INTO USERS (userID,name,email,address) VALUES (2425,'Lindsey Dilello','LiDil@kth.nu','52777 Leaders Heights Rd');
INSERT INTO USERS (userID,name,email,address) VALUES (1523,'Devora Perez','DePer@kth.nu','72868 Blackington Ave');
INSERT INTO USERS (userID,name,email,address) VALUES (2840,'Herman Demesa','HeDem@kth.nu','9 Norristown Rd');
INSERT INTO USERS (userID,name,email,address) VALUES (4663,'Rory Papasergi','RoPap@kth.nu','83 County Road 437 #8581');
INSERT INTO USERS (userID,name,email,address) VALUES (1702,'Talia Riopelle','TaRio@kth.nu','1 N Harlem Ave #9');
INSERT INTO USERS (userID,name,email,address) VALUES (3960,'Van Shire','VaShi@kth.nu','90131 J St');
INSERT INTO USERS (userID,name,email,address) VALUES (4668,'Lucina Lary','LuLar@kth.nu',' Albert J Jr');
INSERT INTO USERS (userID,name,email,address) VALUES (4610,'Bok Isaacs','BoIsa@kth.nu','6 Gilson St');
INSERT INTO USERS (userID,name,email,address) VALUES (2091,'Rolande Spickerman','RoSpi@kth.nu','65 W Maple Ave');
INSERT INTO USERS (userID,name,email,address) VALUES (3864,'Howard Paulas','HoPau@kth.nu',' J Alan Esq');
INSERT INTO USERS (userID,name,email,address) VALUES (1415,'Kimbery Madarang','KiMad@kth.nu',' Arthur L Esq');
INSERT INTO USERS (userID,name,email,address) VALUES (2651,'Thurman Manno','ThMan@kth.nu','9387 Charcot Ave');
INSERT INTO USERS (userID,name,email,address) VALUES (2585,'Becky Mirafuentes','BeMir@kth.nu','30553 Washington Rd');
INSERT INTO USERS (userID,name,email,address) VALUES (2133,'Beatriz Corrington','BeCor@kth.nu','481 W Lemon St');
INSERT INTO USERS (userID,name,email,address) VALUES (1233,'Marti Maybury','MaMay@kth.nu',' Kristin K Esq');
INSERT INTO USERS (userID,name,email,address) VALUES (13,'Nieves Gotter','NiGot@kth.nu',' John J Esq');
INSERT INTO USERS (userID,name,email,address) VALUES (3053,'Leatha Hagele','LeHag@kth.nu','627 Walford Ave');
INSERT INTO USERS (userID,name,email,address) VALUES (3967,'Valentin Klimek','VaKli@kth.nu',' Gayanne K Esq');
INSERT INTO USERS (userID,name,email,address) VALUES (4665,'Melissa Wiklund','MeWik@kth.nu','61 13 Stoneridge #835');
INSERT INTO USERS (userID,name,email,address) VALUES (3598,'Sheridan Zane','ShZan@kth.nu','2409 Alabama Rd');
INSERT INTO USERS (userID,name,email,address) VALUES (1047,'Bulah Padilla','BuPad@kth.nu','8927 Vandever Ave');
INSERT INTO USERS (userID,name,email,address) VALUES (2229,'Audra Kohnert','AuKoh@kth.nu',' Karolyn King Esq');
INSERT INTO USERS (userID,name,email,address) VALUES (4779,'Daren Weirather','DaWei@kth.nu','9 N College Ave #3');
INSERT INTO USERS (userID,name,email,address) VALUES (3298,'Fernanda Jillson','FeJil@kth.nu',' Edward L Esq');
INSERT INTO USERS (userID,name,email,address) VALUES (83,'Gearldine Gellinger','GeGel@kth.nu','4 Bloomfield Ave');
INSERT INTO USERS (userID,name,email,address) VALUES (1170,'Chau Kitzman','ChKit@kth.nu',' Edward Esq');
INSERT INTO USERS (userID,name,email,address) VALUES (4539,'Theola Frey','ThFre@kth.nu','54169 N Main St');
INSERT INTO USERS (userID,name,email,address) VALUES (4261,'Cheryl Haroldson','ChHar@kth.nu','92 Main St');
INSERT INTO USERS (userID,name,email,address) VALUES (4520,'Laticia Merced','LaMer@kth.nu','72 Mannix Dr');
INSERT INTO USERS (userID,name,email,address) VALUES (4773,'Carissa Batman','CaBat@kth.nu',' Kim David Esq');
INSERT INTO USERS (userID,name,email,address) VALUES (4817,'Lezlie Craghead','LeCra@kth.nu',' Carolyn Esq');
INSERT INTO USERS (userID,name,email,address) VALUES (4776,'Ozell Shealy','OzShe@kth.nu','8 Industry Ln');
INSERT INTO USERS (userID,name,email,address) VALUES (4156,'Arminda Parvis','ArPar@kth.nu','1 Huntwood Ave');
INSERT INTO USERS (userID,name,email,address) VALUES (589,'Reita Leto','ReLet@kth.nu','55262 N French Rd');
INSERT INTO USERS (userID,name,email,address) VALUES (4845,'Yolando Luczki','YoLuc@kth.nu','422 E 21st St');
INSERT INTO USERS (userID,name,email,address) VALUES (4733,'Lizette Stem','LiSte@kth.nu','501 N 19th Ave');
INSERT INTO USERS (userID,name,email,address) VALUES (1215,'Gregoria Pawlowicz','GrPaw@kth.nu','455 N Main Ave');
INSERT INTO USERS (userID,name,email,address) VALUES (3504,'Carin Deleo','CaDel@kth.nu',' Debbie');
INSERT INTO USERS (userID,name,email,address) VALUES (4987,'Chantell Maynerich','ChMay@kth.nu','2023 Greg St');
INSERT INTO USERS (userID,name,email,address) VALUES (2047,'Dierdre Yum','DiYum@kth.nu','63381 Jenks Ave');
INSERT INTO USERS (userID,name,email,address) VALUES (3131,'Larae Gudroe','LaGud@kth.nu','6651 Municipal Rd');
INSERT INTO USERS (userID,name,email,address) VALUES (2576,'Latrice Tolfree','LaTol@kth.nu','81 Norris Ave #525');
INSERT INTO USERS (userID,name,email,address) VALUES (2477,'Kerry Theodorov','KeThe@kth.nu','6916 W Main St');
INSERT INTO USERS (userID,name,email,address) VALUES (626,'Dorthy Hidvegi','DoHid@kth.nu','9635 S Main St');
INSERT INTO USERS (userID,name,email,address) VALUES (3473,'Fannie Lungren','FaLun@kth.nu','17 Us Highway 111');
INSERT INTO USERS (userID,name,email,address) VALUES (4730,'Evangelina Radde','EvRad@kth.nu',' Jan Esq');
INSERT INTO USERS (userID,name,email,address) VALUES (704,'Novella Degroot','NoDeg@kth.nu',' C Kelly Esq');
INSERT INTO USERS (userID,name,email,address) VALUES (3516,'Clay Hoa','ClHoa@kth.nu','73 Saint Ann St #86');
INSERT INTO USERS (userID,name,email,address) VALUES (861,'Jennifer Fallick','JeFal@kth.nu',' Daniel J Esq');
INSERT INTO USERS (userID,name,email,address) VALUES (1471,'Irma Wolfgramm','IrWol@kth.nu','9745 W Main St');
INSERT INTO USERS (userID,name,email,address) VALUES (1521,'Eun Coody','EuCoo@kth.nu','84 Bloomfield Ave');
INSERT INTO USERS (userID,name,email,address) VALUES (4573,'Sylvia Cousey','SyCou@kth.nu',' Charles E');
INSERT INTO USERS (userID,name,email,address) VALUES (4405,'Nana Wrinkles','NaWri@kth.nu',' Milbern D');
INSERT INTO USERS (userID,name,email,address) VALUES (581,'Layla Springe','LaSpr@kth.nu','229 N Forty Driv');
INSERT INTO USERS (userID,name,email,address) VALUES (1574,'Joesph Degonia','JoDeg@kth.nu','2887 Knowlton St #5435');
INSERT INTO USERS (userID,name,email,address) VALUES (4589,'Annabelle Boord','AnBoo@kth.nu','523 Marquette Ave');
INSERT INTO USERS (userID,name,email,address) VALUES (2123,'Stephaine Vinning','StVin@kth.nu','3717 Hamann Industrial Pky');
INSERT INTO USERS (userID,name,email,address) VALUES (2583,'Nelida Sawchuk','NeSaw@kth.nu','3 State Route 35 S');
INSERT INTO USERS (userID,name,email,address) VALUES (844,'Marguerita Hiatt','MaHia@kth.nu',' George D Md');
INSERT INTO USERS (userID,name,email,address) VALUES (1577,'Carmela Cookey','CaCoo@kth.nu','9 Murfreesboro Rd');
INSERT INTO USERS (userID,name,email,address) VALUES (1898,'Junita Brideau','JuBri@kth.nu','6 S Broadway St');
INSERT INTO USERS (userID,name,email,address) VALUES (2849,'Claribel Varriano','ClVar@kth.nu','6 Harry L Dr #6327');
INSERT INTO USERS (userID,name,email,address) VALUES (1073,'Benton Skursky','BeSku@kth.nu','47939 Porter Ave');
INSERT INTO USERS (userID,name,email,address) VALUES (4471,'Hillary Skulski','HiSku@kth.nu','9 Wales Rd Ne #914');
INSERT INTO USERS (userID,name,email,address) VALUES (3855,'Merilyn Bayless','MeBay@kth.nu','195 13n N');
INSERT INTO USERS (userID,name,email,address) VALUES (3094,'Teri Ennaco','TeEnn@kth.nu','99 Tank Farm Rd');
INSERT INTO USERS (userID,name,email,address) VALUES (4113,'Merlyn Lawler','MeLaw@kth.nu',' Jeffrey L Esq');
INSERT INTO USERS (userID,name,email,address) VALUES (2204,'Georgene Montezuma','GeMon@kth.nu','98 University Dr');
INSERT INTO USERS (userID,name,email,address) VALUES (3615,'Jettie Mconnell','JeMco@kth.nu','50 E Wacker Dr');
INSERT INTO USERS (userID,name,email,address) VALUES (957,'Lemuel Latzke','LeLat@kth.nu','70 Euclid Ave #722');
INSERT INTO USERS (userID,name,email,address) VALUES (1738,'Melodie Knipp','MeKni@kth.nu','326 E Main St #6496');
INSERT INTO USERS (userID,name,email,address) VALUES (4588,'Candida Corbley','CaCor@kth.nu','406 Main St');
INSERT INTO USERS (userID,name,email,address) VALUES (1558,'Karan Karpin','KaKar@kth.nu','3 Elmwood Dr');
INSERT INTO USERS (userID,name,email,address) VALUES (2190,'Andra Scheyer','AnSch@kth.nu',' George O Esq');
INSERT INTO USERS (userID,name,email,address) VALUES (1514,'Felicidad Poullion','FePou@kth.nu',' Tom S Esq');
INSERT INTO USERS (userID,name,email,address) VALUES (496,'Belen Strassner','BeStr@kth.nu','5384 Southwyck Blvd');
INSERT INTO USERS (userID,name,email,address) VALUES (4890,'Gracia Melnyk','GrMel@kth.nu','97 Airport Loop Dr');
INSERT INTO USERS (userID,name,email,address) VALUES (3396,'Jolanda Hanafan','JoHan@kth.nu',' Joseph J Esq');
INSERT INTO USERS (userID,name,email,address) VALUES (1988,'Barrett Toyama','BaToy@kth.nu','4252 N Washington Ave #9');
INSERT INTO USERS (userID,name,email,address) VALUES (4149,'Helga Fredicks','HeFre@kth.nu','42754 S Ash Ave');
INSERT INTO USERS (userID,name,email,address) VALUES (4740,'Ashlyn Pinilla','AsPin@kth.nu','703 Beville Rd');
INSERT INTO USERS (userID,name,email,address) VALUES (608,'Fausto Agramonte','FaAgr@kth.nu','5 Harrison Rd');
INSERT INTO USERS (userID,name,email,address) VALUES (4617,'Ronny Caiafa','RoCai@kth.nu','73 Southern Blvd');
INSERT INTO USERS (userID,name,email,address) VALUES (2341,'Marge Limmel','MaLim@kth.nu',' Robert D Jr');
INSERT INTO USERS (userID,name,email,address) VALUES (718,'Norah Waymire','NoWay@kth.nu',' Jeffery L Esq');
INSERT INTO USERS (userID,name,email,address) VALUES (1478,'Aliza Baltimore','AlBal@kth.nu',' J Robert Esq');
INSERT INTO USERS (userID,name,email,address) VALUES (381,'Mozell Pelkowski','MoPel@kth.nu','577 Parade St');
INSERT INTO USERS (userID,name,email,address) VALUES (51,'Viola Bitsuie','ViBit@kth.nu','70 Mechanic St');
INSERT INTO USERS (userID,name,email,address) VALUES (4311,'Franklyn Emard','FrEma@kth.nu','4379 Highway 116');
INSERT INTO USERS (userID,name,email,address) VALUES (1731,'Willodean Konopacki','WiKon@kth.nu','55 Hawthorne Blvd');
INSERT INTO USERS (userID,name,email,address) VALUES (1333,'Beckie Silvestrini','BeSil@kth.nu','7116 Western Ave');
INSERT INTO USERS (userID,name,email,address) VALUES (1092,'Rebecka Gesick','ReGes@kth.nu','2026 N Plankinton Ave #3');
INSERT INTO USERS (userID,name,email,address) VALUES (2148,'Frederica Blunk','FrBlu@kth.nu','99586 Main St');
INSERT INTO USERS (userID,name,email,address) VALUES (3462,'Glen Bartolet','GlBar@kth.nu','8739 Hudson St');
INSERT INTO USERS (userID,name,email,address) VALUES (4327,'Freeman Gochal','FrGoc@kth.nu',' William T Esq');
INSERT INTO USERS (userID,name,email,address) VALUES (4190,'Vincent Meinerding','ViMei@kth.nu',' Peter D Esq');
INSERT INTO USERS (userID,name,email,address) VALUES (1586,'Rima Bevelacqua','RiBev@kth.nu','2972 Lafayette Ave');
INSERT INTO USERS (userID,name,email,address) VALUES (3865,'Glendora Sarbacher','GlSar@kth.nu','2140 Diamond Blvd');
INSERT INTO USERS (userID,name,email,address) VALUES (3434,'Avery Steier','AvSte@kth.nu','93 Redmond Rd #492');
INSERT INTO USERS (userID,name,email,address) VALUES (2886,'Cristy Lother','CrLot@kth.nu','3989 Portage Tr');
INSERT INTO USERS (userID,name,email,address) VALUES (2232,'Nicolette Brossart','NiBro@kth.nu','1 Midway Rd');
INSERT INTO USERS (userID,name,email,address) VALUES (1666,'Tracey Modzelewski','TrMod@kth.nu','77132 Coon Rapids Blvd Nw');
INSERT INTO USERS (userID,name,email,address) VALUES (3562,'Virgina Tegarden','ViTeg@kth.nu','755 Harbor Way');
INSERT INTO USERS (userID,name,email,address) VALUES (661,'Tiera Frankel','TiFra@kth.nu','87 Sierra Rd');
INSERT INTO USERS (userID,name,email,address) VALUES (3862,'Alaine Bergesen','AlBer@kth.nu','7667 S Hulen St #42');
INSERT INTO USERS (userID,name,email,address) VALUES (3996,'Earleen Mai','EaMai@kth.nu','75684 S Withlapopka Dr #32');
INSERT INTO USERS (userID,name,email,address) VALUES (1628,'Leonida Gobern','LeGob@kth.nu',' Armstead J Esq');
INSERT INTO USERS (userID,name,email,address) VALUES (2079,'Ressie Auffrey','ReAuf@kth.nu',' James C Cpa');
INSERT INTO USERS (userID,name,email,address) VALUES (3318,'Justine Mugnolo','JuMug@kth.nu','38062 E Main St');
INSERT INTO USERS (userID,name,email,address) VALUES (3841,'Eladia Saulter','ElSau@kth.nu','3958 S Dupont Hwy #7');
INSERT INTO USERS (userID,name,email,address) VALUES (1799,'Chaya Malvin','ChMal@kth.nu','560 Civic Center Dr');
INSERT INTO USERS (userID,name,email,address) VALUES (930,'Gwenn Suffield','GwSuf@kth.nu','3270 Dequindre Rd');
INSERT INTO USERS (userID,name,email,address) VALUES (1484,'Salena Karpel','SaKar@kth.nu','1 Garfield Ave #7');
INSERT INTO USERS (userID,name,email,address) VALUES (2083,'Yoko Fishburne','YoFis@kth.nu','9122 Carpenter Ave');
INSERT INTO USERS (userID,name,email,address) VALUES (3732,'Taryn Moyd','TaMoy@kth.nu',' Mark J Esq');
INSERT INTO USERS (userID,name,email,address) VALUES (742,'Katina Polidori','KaPol@kth.nu','5 Little River Tpke');
INSERT INTO USERS (userID,name,email,address) VALUES (4258,'Rickie Plumer','RiPlu@kth.nu','3 N Groesbeck Hwy');
INSERT INTO USERS (userID,name,email,address) VALUES (364,'Alex Loader','AlLoa@kth.nu',' Scott Esq');
INSERT INTO USERS (userID,name,email,address) VALUES (2639,'Lashon Vizarro','LaViz@kth.nu','433 Westminster Blvd #590');
INSERT INTO USERS (userID,name,email,address) VALUES (1860,'Lauran Burnard','LaBur@kth.nu','66697 Park Pl #3224');
INSERT INTO USERS (userID,name,email,address) VALUES (950,'Ceola Setter','CeSet@kth.nu','96263 Greenwood Pl');
INSERT INTO USERS (userID,name,email,address) VALUES (134,'My Rantanen','MyRan@kth.nu',' Paul J');
INSERT INTO USERS (userID,name,email,address) VALUES (734,'Lorrine Worlds','LoWor@kth.nu',' Nicholas J Esq');
INSERT INTO USERS (userID,name,email,address) VALUES (3942,'Peggie Sturiale','PeStu@kth.nu','9 N 14th St');
INSERT INTO USERS (userID,name,email,address) VALUES (2786,'Marvel Raymo','MaRay@kth.nu','9 Vanowen St');
INSERT INTO USERS (userID,name,email,address) VALUES (3906,'Daron Dinos','DaDin@kth.nu',' Warren R Esq');
INSERT INTO USERS (userID,name,email,address) VALUES (1440,'An Fritz','AnFri@kth.nu','506 S Hacienda Dr');
INSERT INTO USERS (userID,name,email,address) VALUES (3531,'Portia Stimmel','PoSti@kth.nu','3732 Sherman Ave');
INSERT INTO USERS (userID,name,email,address) VALUES (4967,'Rhea Aredondo','RhAre@kth.nu','25657 Live Oak St');
INSERT INTO USERS (userID,name,email,address) VALUES (1821,'Benedict Sama','BeSam@kth.nu','4923 Carey Ave');
INSERT INTO USERS (userID,name,email,address) VALUES (4363,'Alyce Arias','AlAri@kth.nu','3196 S Rider Trl');
INSERT INTO USERS (userID,name,email,address) VALUES (2433,'Heike Berganza','HeBer@kth.nu','3 Railway Ave #75');
INSERT INTO USERS (userID,name,email,address) VALUES (3511,'Carey Dopico','CaDop@kth.nu',' John Esq');
INSERT INTO USERS (userID,name,email,address) VALUES (590,'Dottie Hellickson','DoHel@kth.nu','67 E Chestnut Hill Rd');
INSERT INTO USERS (userID,name,email,address) VALUES (2584,'Deandrea Hughey','DeHug@kth.nu','33 Lewis Rd #46');
INSERT INTO USERS (userID,name,email,address) VALUES (2913,'Kimberlie Duenas','KiDue@kth.nu','8100 Jacksonville Rd #7');
INSERT INTO USERS (userID,name,email,address) VALUES (3635,'Martina Staback','MaSta@kth.nu','7 W Wabansia Ave #227');
INSERT INTO USERS (userID,name,email,address) VALUES (1293,'Skye Fillingim','SkFil@kth.nu','25 Minters Chapel Rd #9');
INSERT INTO USERS (userID,name,email,address) VALUES (2388,'Jade Farrar','JaFar@kth.nu','6882 Torresdale Ave');
INSERT INTO USERS (userID,name,email,address) VALUES (4746,'Charlene Hamilton','ChHam@kth.nu','985 E 6th Ave');
INSERT INTO USERS (userID,name,email,address) VALUES (1946,'Geoffrey Acey','GeAce@kth.nu','7 West Ave #1');
INSERT INTO USERS (userID,name,email,address) VALUES (659,'Stevie Westerbeck','StWes@kth.nu',' Dennis W Md');
INSERT INTO USERS (userID,name,email,address) VALUES (2214,'Pamella Fortino','PaFor@kth.nu','669 Packerland Dr #1438');
INSERT INTO USERS (userID,name,email,address) VALUES (2487,'Harrison Haufler','HaHau@kth.nu','759 Eldora St');
INSERT INTO USERS (userID,name,email,address) VALUES (1987,'Johnna Engelberg','JoEng@kth.nu','5 S Colorado Blvd #449');
INSERT INTO USERS (userID,name,email,address) VALUES (290,'Buddy Cloney','BuClo@kth.nu','944 Gaither Dr');
INSERT INTO USERS (userID,name,email,address) VALUES (3852,'Dalene Riden','DaRid@kth.nu','66552 Malone Rd');
INSERT INTO USERS (userID,name,email,address) VALUES (2308,'Jerry Zurcher','JeZur@kth.nu','77 Massillon Rd #822');
INSERT INTO USERS (userID,name,email,address) VALUES (1515,'Haydee Denooyer','HaDen@kth.nu','25346 New Rd');
INSERT INTO USERS (userID,name,email,address) VALUES (910,'Joseph Cryer','JoCry@kth.nu','60 Fillmore Ave');
INSERT INTO USERS (userID,name,email,address) VALUES (1041,'Deonna Kippley','DeKip@kth.nu','57 Haven Ave #90');
INSERT INTO USERS (userID,name,email,address) VALUES (4346,'Raymon Calvaresi','RaCal@kth.nu','6538 E Pomona St #60');
INSERT INTO USERS (userID,name,email,address) VALUES (2098,'Alecia Bubash','AlBub@kth.nu',' James E Esq');
INSERT INTO USERS (userID,name,email,address) VALUES (333,'Ma Layous','MaLay@kth.nu','78112 Morris Ave');
INSERT INTO USERS (userID,name,email,address) VALUES (2543,'Detra Coyier','DeCoy@kth.nu','96950 Hidden Ln');
INSERT INTO USERS (userID,name,email,address) VALUES (4591,'Terrilyn Rodeigues','TeRod@kth.nu','3718 S Main St');
INSERT INTO USERS (userID,name,email,address) VALUES (4884,'Salome Lacovara','SaLac@kth.nu','9677 Commerce Dr');
INSERT INTO USERS (userID,name,email,address) VALUES (2717,'Garry Keetch','GaKee@kth.nu','5 Green Pond Rd #4');
INSERT INTO USERS (userID,name,email,address) VALUES (209,'Matthew Neither','MaNei@kth.nu','636 Commerce Dr #42');
INSERT INTO USERS (userID,name,email,address) VALUES (3911,'Theodora Restrepo','ThRes@kth.nu',' Patricia S Esq');
INSERT INTO USERS (userID,name,email,address) VALUES (4357,'Noah Kalafatis','NoKal@kth.nu','1950 5th Ave');
INSERT INTO USERS (userID,name,email,address) VALUES (2967,'Carmen Sweigard','CaSwe@kth.nu','61304 N French Rd');
INSERT INTO USERS (userID,name,email,address) VALUES (3015,'Lavonda Hengel','LaHen@kth.nu','87 Imperial Ct #79');
INSERT INTO USERS (userID,name,email,address) VALUES (1147,'Junita Stoltzman','JuSto@kth.nu','94 W Dodge Rd');
INSERT INTO USERS (userID,name,email,address) VALUES (1547,'Herminia Nicolozakes','HeNic@kth.nu','4 58th St #3519');
INSERT INTO USERS (userID,name,email,address) VALUES (4284,'Casie Good','CaGoo@kth.nu',' Debbie J Esq');
INSERT INTO USERS (userID,name,email,address) VALUES (325,'Reena Maisto','ReMai@kth.nu','9648 S Main');
INSERT INTO USERS (userID,name,email,address) VALUES (632,'Mirta Mallett','MiMal@kth.nu','7 S San Marcos Rd');
INSERT INTO USERS (userID,name,email,address) VALUES (1251,'Cathrine Pontoriero','CaPon@kth.nu','812 S Haven St');
INSERT INTO USERS (userID,name,email,address) VALUES (3546,'Filiberto Tawil','FiTaw@kth.nu',' Elena Salerno Esq');
INSERT INTO USERS (userID,name,email,address) VALUES (2285,'Raul Upthegrove','RaUpt@kth.nu',' Gregory W Esq');
INSERT INTO USERS (userID,name,email,address) VALUES (4605,'Sarah Candlish','SaCan@kth.nu','45 2nd Ave #9759');
INSERT INTO USERS (userID,name,email,address) VALUES (4241,'Lucy Treston','LuTre@kth.nu','57254 Brickell Ave #372');
INSERT INTO USERS (userID,name,email,address) VALUES (4818,'Judy Aquas','JuAqu@kth.nu','8977 Connecticut Ave Nw #3');
INSERT INTO USERS (userID,name,email,address) VALUES (2410,'Yvonne Tjepkema','YvTje@kth.nu','9 Waydell St');
INSERT INTO USERS (userID,name,email,address) VALUES (2140,'Kayleigh Lace','KaLac@kth.nu','43 Huey P Long Ave');
INSERT INTO USERS (userID,name,email,address) VALUES (2657,'Felix Hirpara','FeHir@kth.nu','7563 Cornwall Rd #4462');
INSERT INTO USERS (userID,name,email,address) VALUES (2683,'Tresa Sweely','TrSwe@kth.nu',' Grant S Esq');
INSERT INTO USERS (userID,name,email,address) VALUES (3605,'Kristeen Turinetti','KrTur@kth.nu','70099 E North Ave');
INSERT INTO USERS (userID,name,email,address) VALUES (572,'Jenelle Regusters','JeReg@kth.nu',' Brian F Esq');
INSERT INTO USERS (userID,name,email,address) VALUES (1048,'Renea Monterrubio','ReMon@kth.nu','26 Montgomery St');
INSERT INTO USERS (userID,name,email,address) VALUES (2654,'Olive Matuszak','OlMat@kth.nu','13252 Lighthouse Ave');
INSERT INTO USERS (userID,name,email,address) VALUES (4095,'Ligia Reiber','LiRei@kth.nu','206 Main St #2804');
INSERT INTO USERS (userID,name,email,address) VALUES (4270,'Christiane Eschberger','ChEsc@kth.nu','96541 W Central Blvd');
INSERT INTO USERS (userID,name,email,address) VALUES (310,'Goldie Schirpke','GoSch@kth.nu',' Arthur C Jr');
INSERT INTO USERS (userID,name,email,address) VALUES (3251,'Loreta Timenez','LoTim@kth.nu',' Katherine Andritsaki');
INSERT INTO USERS (userID,name,email,address) VALUES (4328,'Fabiola Hauenstein','FaHau@kth.nu','8573 Lincoln Blvd');
INSERT INTO USERS (userID,name,email,address) VALUES (4119,'Amie Perigo','AmPer@kth.nu','596 Santa Maria Ave #7913');
INSERT INTO USERS (userID,name,email,address) VALUES (4456,'Raina Brachle','RaBra@kth.nu','3829 Ventura Blvd');
INSERT INTO USERS (userID,name,email,address) VALUES (2731,'Erinn Canlas','ErCan@kth.nu','13 S Hacienda Dr');
INSERT INTO USERS (userID,name,email,address) VALUES (1710,'Cherry Lietz','ChLie@kth.nu','40 9th Ave Sw #91');
INSERT INTO USERS (userID,name,email,address) VALUES (3284,'Kattie Vonasek','KaVon@kth.nu','2845 Boulder Crescent St');
INSERT INTO USERS (userID,name,email,address) VALUES (4788,'Lilli Scriven','LiScr@kth.nu',' John J Esq');
INSERT INTO USERS (userID,name,email,address) VALUES (2600,'Whitley Tomasulo','WhTom@kth.nu','2 S 15th St');
INSERT INTO USERS (userID,name,email,address) VALUES (2897,'Barbra Adkin','BaAdk@kth.nu','4 Kohler Memorial Dr');
INSERT INTO USERS (userID,name,email,address) VALUES (1299,'Hermila Thyberg','HeThy@kth.nu','1 Rancho Del Mar Shopping C');
INSERT INTO USERS (userID,name,email,address) VALUES (2563,'Jesusita Flister','JeFli@kth.nu',' Edward J Jr');
INSERT INTO USERS (userID,name,email,address) VALUES (1273,'Caitlin Julia','CaJul@kth.nu',' Seymour Cpa');
INSERT INTO USERS (userID,name,email,address) VALUES (3052,'Roosevelt Hoffis','RoHof@kth.nu',' Myron');
INSERT INTO USERS (userID,name,email,address) VALUES (3839,'Helaine Halter','HeHal@kth.nu',' Mike');
INSERT INTO USERS (userID,name,email,address) VALUES (2424,'Lorean Martabano','LoMar@kth.nu',' Hogg P Esq');
INSERT INTO USERS (userID,name,email,address) VALUES (4940,'France Buzick','FrBuz@kth.nu','64 Newman Springs Rd E');
INSERT INTO USERS (userID,name,email,address) VALUES (3301,'Justine Ferrario','JuFer@kth.nu','48 Stratford Ave');
INSERT INTO USERS (userID,name,email,address) VALUES (3336,'Adelina Nabours','AdNab@kth.nu','80 Pittsford Victor Rd #9');
INSERT INTO USERS (userID,name,email,address) VALUES (4496,'Derick Dhamer','DeDha@kth.nu',' Eugene A Esq');
INSERT INTO USERS (userID,name,email,address) VALUES (2905,'Jerry Dallen','JeDal@kth.nu','393 Lafayette Ave');
INSERT INTO USERS (userID,name,email,address) VALUES (1869,'Leota Ragel','LeRag@kth.nu','99 5th Ave #33');
INSERT INTO USERS (userID,name,email,address) VALUES (4698,'Jutta Amyot','JuAmy@kth.nu','49 N Mays St');
INSERT INTO USERS (userID,name,email,address) VALUES (1081,'Aja Gehrett','AjGeh@kth.nu','993 Washington Ave');
INSERT INTO USERS (userID,name,email,address) VALUES (1769,'Kirk Herritt','KiHer@kth.nu',' H Duane Esq');
INSERT INTO USERS (userID,name,email,address) VALUES (4453,'Leonora Mauson','LeMau@kth.nu','3381 E 40th Ave');
INSERT INTO USERS (userID,name,email,address) VALUES (968,'Winfred Brucato','WiBru@kth.nu','201 Ridgewood Rd');
INSERT INTO USERS (userID,name,email,address) VALUES (4201,'Tarra Nachor','TaNac@kth.nu','39 Moccasin Dr');
INSERT INTO USERS (userID,name,email,address) VALUES (4380,'Corinne Loder','CoLod@kth.nu','4 Carroll St');
INSERT INTO USERS (userID,name,email,address) VALUES (4608,'Dulce Labreche','DuLab@kth.nu','9581 E Arapahoe Rd');
INSERT INTO USERS (userID,name,email,address) VALUES (4934,'Kate Keneipp','KaKen@kth.nu',' Maxon R Esq');
INSERT INTO USERS (userID,name,email,address) VALUES (45,'Kaitlyn Ogg','KaOgg@kth.nu',' Paul E Esq');
INSERT INTO USERS (userID,name,email,address) VALUES (1618,'Sherita Saras','ShSar@kth.nu','8 Us Highway 22');
INSERT INTO USERS (userID,name,email,address) VALUES (139,'Lashawnda Stuer','LaStu@kth.nu',' J Christopher Esq');
INSERT INTO USERS (userID,name,email,address) VALUES (1900,'Ernest Syrop','ErSyr@kth.nu','94 Chase Rd');
INSERT INTO USERS (userID,name,email,address) VALUES (4373,'Nobuko Halsey','NoHal@kth.nu','8139 I Hwy 10 #92');
INSERT INTO USERS (userID,name,email,address) VALUES (1298,'Lavonna Wolny','LaWol@kth.nu',' Kenneth A Esq');
INSERT INTO USERS (userID,name,email,address) VALUES (2244,'Lashaunda Lizama','LaLiz@kth.nu','3387 Ryan Dr');
INSERT INTO USERS (userID,name,email,address) VALUES (773,'Mariann Bilden','MaBil@kth.nu','3125 Packer Ave #9851');
INSERT INTO USERS (userID,name,email,address) VALUES (4650,'Helene Rodenberger','HeRod@kth.nu','347 Chestnut St');
INSERT INTO USERS (userID,name,email,address) VALUES (2622,'Roselle Estell','RoEst@kth.nu','8116 Mount Vernon Ave');
INSERT INTO USERS (userID,name,email,address) VALUES (2965,'Samira Heintzman','SaHei@kth.nu','8772 Old County Rd #5410');
INSERT INTO USERS (userID,name,email,address) VALUES (1272,'Margart Meisel','MaMei@kth.nu',' Arthur L Aia');
INSERT INTO USERS (userID,name,email,address) VALUES (3592,'Kristofer Bennick','KrBen@kth.nu',' Ronald J Esq');
INSERT INTO USERS (userID,name,email,address) VALUES (523,'Weldon Acuff','WeAcu@kth.nu','73 W Barstow Ave');
INSERT INTO USERS (userID,name,email,address) VALUES (4979,'Shalon Shadrick','ShSha@kth.nu','61047 Mayfield Ave');
INSERT INTO USERS (userID,name,email,address) VALUES (2720,'Denise Patak','DePat@kth.nu','2139 Santa Rosa Ave');
INSERT INTO USERS (userID,name,email,address) VALUES (4268,'Louvenia Beech','LoBee@kth.nu','598 43rd St');
INSERT INTO USERS (userID,name,email,address) VALUES (3912,'Audry Yaw','AuYaw@kth.nu','70295 Pioneer Ct');
INSERT INTO USERS (userID,name,email,address) VALUES (2768,'Kristel Ehmann','KrEhm@kth.nu',' Joy Reynolds Esq');
INSERT INTO USERS (userID,name,email,address) VALUES (3798,'Vincenza Zepp','ViZep@kth.nu','395 S 6th St #2');
INSERT INTO USERS (userID,name,email,address) VALUES (3186,'Elouise Gwalthney','ElGwa@kth.nu','9506 Edgemore Ave');
INSERT INTO USERS (userID,name,email,address) VALUES (1308,'Venita Maillard','VeMai@kth.nu','72119 S Walker Ave #63');
INSERT INTO USERS (userID,name,email,address) VALUES (3178,'Kasandra Semidey','KaSem@kth.nu','369 Latham St #500');
INSERT INTO USERS (userID,name,email,address) VALUES (1620,'Xochitl Discipio','XoDis@kth.nu','3158 Runamuck Pl');
INSERT INTO USERS (userID,name,email,address) VALUES (1190,'Maile Linahan','MaLin@kth.nu','9 Plainsboro Rd #598');
INSERT INTO USERS (userID,name,email,address) VALUES (617,'Krissy Rauser','KrRau@kth.nu',' Mark A Esq');
INSERT INTO USERS (userID,name,email,address) VALUES (3653,'Pete Dubaldi','PeDub@kth.nu','2215 Prosperity Dr');
INSERT INTO USERS (userID,name,email,address) VALUES (3623,'Linn Paa','LiPaa@kth.nu','1 S Pine St');
INSERT INTO USERS (userID,name,email,address) VALUES (2386,'Paris Wide','PaWid@kth.nu','187 Market St');
INSERT INTO USERS (userID,name,email,address) VALUES (2389,'Wynell Dorshorst','WyDor@kth.nu',' Craig W Esq');
INSERT INTO USERS (userID,name,email,address) VALUES (1075,'Quentin Birkner','QuBir@kth.nu','7061 N 2nd St');
INSERT INTO USERS (userID,name,email,address) VALUES (2997,'Regenia Kannady','ReKan@kth.nu','10759 Main St');
INSERT INTO USERS (userID,name,email,address) VALUES (4680,'Sheron Louissant','ShLou@kth.nu',' Brenda J Cpa');
INSERT INTO USERS (userID,name,email,address) VALUES (4476,'Izetta Funnell','IzFun@kth.nu','82 Winsor St #54');
INSERT INTO USERS (userID,name,email,address) VALUES (3199,'Rodolfo Butzen','RoBut@kth.nu',' Cynthia A Esq');
INSERT INTO USERS (userID,name,email,address) VALUES (780,'Zona Colla','ZoCol@kth.nu',' Robert A Esq');
INSERT INTO USERS (userID,name,email,address) VALUES (3486,'Serina Zagen','SeZag@kth.nu','7 S Beverly Dr');
INSERT INTO USERS (userID,name,email,address) VALUES (200,'Paz Sahagun','PaSah@kth.nu','919 Wall Blvd');
INSERT INTO USERS (userID,name,email,address) VALUES (2904,'Markus Lukasik','MaLuk@kth.nu','89 20th St E #779');
INSERT INTO USERS (userID,name,email,address) VALUES (4856,'Jaclyn Bachman','JaBac@kth.nu','721 Interstate 45 S');
INSERT INTO USERS (userID,name,email,address) VALUES (2336,'Cyril Daufeldt','CyDau@kth.nu','3 Lawton St');
INSERT INTO USERS (userID,name,email,address) VALUES (894,'Gayla Schnitzler','GaSch@kth.nu','38 Pleasant Hill Rd');
INSERT INTO USERS (userID,name,email,address) VALUES (4859,'Erick Nievas','ErNie@kth.nu',' Anne Esq');
INSERT INTO USERS (userID,name,email,address) VALUES (865,'Jennie Drymon','JeDry@kth.nu',' Michelle M Esq');
INSERT INTO USERS (userID,name,email,address) VALUES (1559,'Mitsue Scipione','MiSci@kth.nu','77 222 Dr');
INSERT INTO USERS (userID,name,email,address) VALUES (4468,'Ciara Ventura','CiVen@kth.nu',' Robert M Esq');
INSERT INTO USERS (userID,name,email,address) VALUES (4058,'Galen Cantres','GaCan@kth.nu','617 Nw 36th Ave');
INSERT INTO USERS (userID,name,email,address) VALUES (2328,'Truman Feichtner','TrFei@kth.nu','539 Coldwater Canyon Ave');
INSERT INTO USERS (userID,name,email,address) VALUES (2560,'Gail Kitty','GaKit@kth.nu','735 Crawford Dr');
INSERT INTO USERS (userID,name,email,address) VALUES (2922,'Dalene Schoeneck','DaSch@kth.nu',' Douglas J Esq');
INSERT INTO USERS (userID,name,email,address) VALUES (1400,'Gertude Witten','GeWit@kth.nu',' John Randolph Jr');
INSERT INTO USERS (userID,name,email,address) VALUES (2022,'Lizbeth Kohl','LiKoh@kth.nu','35433 Blake St #588');
INSERT INTO USERS (userID,name,email,address) VALUES (2329,'Glenn Berray','GlBer@kth.nu',' John E Esq');
INSERT INTO USERS (userID,name,email,address) VALUES (271,'Lashandra Klang','LaKla@kth.nu','810 N La Brea Ave');
INSERT INTO USERS (userID,name,email,address) VALUES (2199,'Lenna Newville','LeNew@kth.nu',' Morris J Jr');
INSERT INTO USERS (userID,name,email,address) VALUES (2996,'Laurel Pagliuca','LaPag@kth.nu','36 Enterprise St Se');
INSERT INTO USERS (userID,name,email,address) VALUES (4225,'Mireya Frerking','MiFre@kth.nu','8429 Miller Rd');
INSERT INTO USERS (userID,name,email,address) VALUES (913,'Annelle Tagala','AnTag@kth.nu','5 W 7th St');
INSERT INTO USERS (userID,name,email,address) VALUES (3989,'Dean Ketelsen','DeKet@kth.nu','2 Flynn Rd');
INSERT INTO USERS (userID,name,email,address) VALUES (3749,'Levi Munis','LeMun@kth.nu','2094 Ne 36th Ave');
INSERT INTO USERS (userID,name,email,address) VALUES (459,'Sylvie Ryser','SyRys@kth.nu','649 Tulane Ave');
INSERT INTO USERS (userID,name,email,address) VALUES (1343,'Sharee Maile','ShMai@kth.nu','2094 Montour Blvd');
INSERT INTO USERS (userID,name,email,address) VALUES (4413,'Cordelia Storment','CoSto@kth.nu',' Jon H Esq');
INSERT INTO USERS (userID,name,email,address) VALUES (2637,'Mollie Mcdoniel','MoMcd@kth.nu','8590 Lake Lizzie Dr');
INSERT INTO USERS (userID,name,email,address) VALUES (1886,'Brett Mccullan','BrMcc@kth.nu','87895 Concord Rd');
INSERT INTO USERS (userID,name,email,address) VALUES (793,'Teddy Pedrozo','TePed@kth.nu',' Neal J Esq');
INSERT INTO USERS (userID,name,email,address) VALUES (4370,'Tasia Andreason','TaAnd@kth.nu',' Robert A');
INSERT INTO USERS (userID,name,email,address) VALUES (1494,'Hubert Walthall','HuWal@kth.nu',' Deanna');
INSERT INTO USERS (userID,name,email,address) VALUES (4407,'Arthur Farrow','ArFar@kth.nu',' Timothy L Esq');
INSERT INTO USERS (userID,name,email,address) VALUES (341,'Vilma Berlanga','ViBer@kth.nu',' D Fred Esq');
INSERT INTO USERS (userID,name,email,address) VALUES (2246,'Billye Miro','BiMir@kth.nu',' Francine H Esq');
INSERT INTO USERS (userID,name,email,address) VALUES (3843,'Glenna Slayton','GlSla@kth.nu','2759 Livingston Ave');
INSERT INTO USERS (userID,name,email,address) VALUES (1139,'Mitzie Hudnall','MiHud@kth.nu','17 Jersey Ave');
INSERT INTO USERS (userID,name,email,address) VALUES (4750,'Bernardine Rodefer','BeRod@kth.nu','2 W Grand Ave');
INSERT INTO USERS (userID,name,email,address) VALUES (4329,'Staci Schmaltz','StSch@kth.nu','18 Coronado Ave #563');
INSERT INTO USERS (userID,name,email,address) VALUES (2689,'Nichelle Meteer','NiMet@kth.nu','72 Beechwood Ter');
INSERT INTO USERS (userID,name,email,address) VALUES (2918,'Janine Rhoden','JaRho@kth.nu','92 Broadway');
INSERT INTO USERS (userID,name,email,address) VALUES (2814,'Ettie Hoopengardner','EtHoo@kth.nu','39 Franklin Ave');
INSERT INTO USERS (userID,name,email,address) VALUES (3458,'Eden Jayson','EdJay@kth.nu','4 Iwaena St');
INSERT INTO USERS (userID,name,email,address) VALUES (3509,'Lynelle Auber','LyAub@kth.nu','32820 Corkwood Rd');
INSERT INTO USERS (userID,name,email,address) VALUES (2242,'Merissa Tomblin','MeTom@kth.nu','34 Raritan Center Pky');
INSERT INTO USERS (userID,name,email,address) VALUES (343,'Golda Kaniecki','GoKan@kth.nu','6201 S Nevada Ave');
INSERT INTO USERS (userID,name,email,address) VALUES (3660,'Catarina Gleich','CaGle@kth.nu',' Robert E Esq');
INSERT INTO USERS (userID,name,email,address) VALUES (1525,'Virgie Kiel','ViKie@kth.nu',' Terrence P Esq');
INSERT INTO USERS (userID,name,email,address) VALUES (2178,'Jolene Ostolaza','JoOst@kth.nu','1610 14th St Nw');
INSERT INTO USERS (userID,name,email,address) VALUES (1621,'Keneth Borgman','KeBor@kth.nu','86350 Roszel Rd');
INSERT INTO USERS (userID,name,email,address) VALUES (2515,'Rikki Nayar','RiNay@kth.nu','1644 Clove Rd');
INSERT INTO USERS (userID,name,email,address) VALUES (3933,'Elke Sengbusch','ElSen@kth.nu','9 W Central Ave');
INSERT INTO USERS (userID,name,email,address) VALUES (969,'Hoa Sarao','HoSar@kth.nu',' Joel S Esq');
INSERT INTO USERS (userID,name,email,address) VALUES (1734,'Trinidad Mcrae','TrMcr@kth.nu','10276 Brooks St');
INSERT INTO USERS (userID,name,email,address) VALUES (4961,'Mari Lueckenbach','MaLue@kth.nu',' Nelson E Jr');
INSERT INTO USERS (userID,name,email,address) VALUES (3196,'Selma Husser','SeHus@kth.nu','9 State Highway 57 #22');
INSERT INTO USERS (userID,name,email,address) VALUES (4774,'Antione Onofrio','AnOno@kth.nu','4 S Washington Ave');
INSERT INTO USERS (userID,name,email,address) VALUES (170,'Luisa Jurney','LuJur@kth.nu','25 Se 176th Pl');
INSERT INTO USERS (userID,name,email,address) VALUES (2570,'Clorinda Heimann','ClHei@kth.nu',' Charles Jr');
INSERT INTO USERS (userID,name,email,address) VALUES (2175,'Dick Wenzinger','DiWen@kth.nu','22 Spruce St #595');
INSERT INTO USERS (userID,name,email,address) VALUES (1865,'Ahmed Angalich','AhAng@kth.nu','2 W Beverly Blvd');
INSERT INTO USERS (userID,name,email,address) VALUES (815,'Iluminada Ohms','IlOhm@kth.nu','72 Southern Blvd');
INSERT INTO USERS (userID,name,email,address) VALUES (3753,'Joanna Leinenbach','JoLei@kth.nu','1 Washington St');
INSERT INTO USERS (userID,name,email,address) VALUES (151,'Caprice Suell','CaSue@kth.nu',' W Dan Esq');
INSERT INTO USERS (userID,name,email,address) VALUES (3134,'Stephane Myricks','StMyr@kth.nu','9 Tower Ave');
INSERT INTO USERS (userID,name,email,address) VALUES (3286,'Quentin Swayze','QuSwa@kth.nu','278 Bayview Ave');
INSERT INTO USERS (userID,name,email,address) VALUES (129,'Annmarie Castros','AnCas@kth.nu','80312 W 32nd St');
INSERT INTO USERS (userID,name,email,address) VALUES (2484,'Shonda Greenbush','ShGre@kth.nu','82 Us Highway 46');
INSERT INTO USERS (userID,name,email,address) VALUES (2107,'Cecil Lapage','CeLap@kth.nu',' Douglas D');
INSERT INTO USERS (userID,name,email,address) VALUES (2574,'Jeanice Claucherty','JeCla@kth.nu','19 Amboy Ave');
INSERT INTO USERS (userID,name,email,address) VALUES (3544,'Josphine Villanueva','JoVil@kth.nu','63 Smith Ln #8343');
INSERT INTO USERS (userID,name,email,address) VALUES (183,'Daniel Perruzza','DaPer@kth.nu','11360 S Halsted St');
INSERT INTO USERS (userID,name,email,address) VALUES (3188,'Cassi Wildfong','CaWil@kth.nu',' James O Esq');
INSERT INTO USERS (userID,name,email,address) VALUES (4122,'Britt Galam','BrGal@kth.nu','2500 Pringle Rd Se #508');
INSERT INTO USERS (userID,name,email,address) VALUES (3426,'Adell Lipkin','AdLip@kth.nu','65 Mountain View Dr');
INSERT INTO USERS (userID,name,email,address) VALUES (890,'Jacqueline Rowling','JaRow@kth.nu','1 N San Saba');
INSERT INTO USERS (userID,name,email,address) VALUES (3411,'Lonny Weglarz','LoWeg@kth.nu','51120 State Route 18');
INSERT INTO USERS (userID,name,email,address) VALUES (703,'Lonna Diestel','LoDie@kth.nu',' Thomas J Esq');
INSERT INTO USERS (userID,name,email,address) VALUES (156,'Cristal Samara','CrSam@kth.nu','4119 Metropolitan Dr');
INSERT INTO USERS (userID,name,email,address) VALUES (3726,'Kenneth Grenet','KeGre@kth.nu','2167 Sierra Rd');
INSERT INTO USERS (userID,name,email,address) VALUES (3388,'Elli Mclaird','ElMcl@kth.nu','6 Sunrise Ave');
INSERT INTO USERS (userID,name,email,address) VALUES (4619,'Alline Jeanty','AlJea@kth.nu','55713 Lake City Hwy');
INSERT INTO USERS (userID,name,email,address) VALUES (3551,'Sharika Eanes','ShEan@kth.nu','75698 N Fiesta Blvd');
INSERT INTO USERS (userID,name,email,address) VALUES (731,'Nu Mcnease','NuMcn@kth.nu','88 Sw 28th Ter');
INSERT INTO USERS (userID,name,email,address) VALUES (1968,'Daniela Comnick','DaCom@kth.nu','7 Flowers Rd #403');
INSERT INTO USERS (userID,name,email,address) VALUES (3341,'Cecilia Colaizzo','CeCol@kth.nu','4 Nw 12th St #3849');
INSERT INTO USERS (userID,name,email,address) VALUES (2874,'Leslie Threets','LeThr@kth.nu','2 A Kelley Dr');
INSERT INTO USERS (userID,name,email,address) VALUES (236,'Nan Koppinger','NaKop@kth.nu',' Grace T');
INSERT INTO USERS (userID,name,email,address) VALUES (1749,'Izetta Dewar','IzDew@kth.nu',' Jean Esq');
INSERT INTO USERS (userID,name,email,address) VALUES (925,'Tegan Arceo','TeArc@kth.nu','62260 Park Stre');
INSERT INTO USERS (userID,name,email,address) VALUES (4384,'Ruthann Keener','RuKee@kth.nu','3424 29th St Se');
INSERT INTO USERS (userID,name,email,address) VALUES (164,'Joni Breland','JoBre@kth.nu','35 E Main St #43');
INSERT INTO USERS (userID,name,email,address) VALUES (2509,'Vi Rentfro','ViRen@kth.nu','7163 W Clark Rd');
INSERT INTO USERS (userID,name,email,address) VALUES (2323,'Colette Kardas','CoKar@kth.nu','21575 S Apple Creek Rd');
INSERT INTO USERS (userID,name,email,address) VALUES (2926,'Malcolm Tromblay','MaTro@kth.nu','747 Leonis Blvd');
INSERT INTO USERS (userID,name,email,address) VALUES (1412,'Ryan Harnos','RyHar@kth.nu','13 Gunnison St');
INSERT INTO USERS (userID,name,email,address) VALUES (1984,'Jess Chaffins','JeCha@kth.nu','18 3rd Ave');
INSERT INTO USERS (userID,name,email,address) VALUES (2439,'Sharen Bourbon','ShBou@kth.nu',' John A Esq');
INSERT INTO USERS (userID,name,email,address) VALUES (4877,'Nickolas Juvera','NiJuv@kth.nu','177 S Rider Trl #52');
INSERT INTO USERS (userID,name,email,address) VALUES (216,'Gary Nunlee','GaNun@kth.nu','2 W Mount Royal Ave');
INSERT INTO USERS (userID,name,email,address) VALUES (964,'Diane Devreese','DiDev@kth.nu','1953 Telegraph Rd');
INSERT INTO USERS (userID,name,email,address) VALUES (3080,'Roslyn Chavous','RoCha@kth.nu',' James L');
INSERT INTO USERS (userID,name,email,address) VALUES (4082,'Glory Schieler','GlSch@kth.nu','5 E Truman Rd');
INSERT INTO USERS (userID,name,email,address) VALUES (2698,'Rasheeda Sayaphon','RaSay@kth.nu',' J Michael Esq');
INSERT INTO USERS (userID,name,email,address) VALUES (2928,'Alpha Palaia','AlPal@kth.nu',' James M Jr');
INSERT INTO USERS (userID,name,email,address) VALUES (2593,'Refugia Jacobos','ReJac@kth.nu','2184 Worth St');
INSERT INTO USERS (userID,name,email,address) VALUES (3581,'Shawnda Yori','ShYor@kth.nu','50126 N Plankinton Ave');
INSERT INTO USERS (userID,name,email,address) VALUES (4771,'Mona Delasancha','MoDel@kth.nu','38773 Gravois Ave');
INSERT INTO USERS (userID,name,email,address) VALUES (2043,'Gilma Liukko','GiLiu@kth.nu','16452 Greenwich St');
INSERT INTO USERS (userID,name,email,address) VALUES (2183,'Janey Gabisi','JaGab@kth.nu',' Stephen F Esq');
INSERT INTO USERS (userID,name,email,address) VALUES (2669,'Lili Paskin','LiPas@kth.nu','20113 4th Ave E');
INSERT INTO USERS (userID,name,email,address) VALUES (47,'Loren Asar','LoAsa@kth.nu','6 Ridgewood Center Dr');
INSERT INTO USERS (userID,name,email,address) VALUES (2610,'Dorothy Chesterfield','DoChe@kth.nu','469 Outwater Ln');
INSERT INTO USERS (userID,name,email,address) VALUES (2191,'Gail Similton','GaSim@kth.nu',' Wes Esq');
INSERT INTO USERS (userID,name,email,address) VALUES (196,'Catalina Tillotson','CaTil@kth.nu','3338 A Lockport Pl #6');
INSERT INTO USERS (userID,name,email,address) VALUES (304,'Lawrence Lorens','LaLor@kth.nu','9 Hwy');
INSERT INTO USERS (userID,name,email,address) VALUES (2714,'Carlee Boulter','CaBou@kth.nu',' Troy M Ii');
INSERT INTO USERS (userID,name,email,address) VALUES (2770,'Thaddeus Ankeny','ThAnk@kth.nu','5 Washington St #1');
INSERT INTO USERS (userID,name,email,address) VALUES (2188,'Jovita Oles','JoOle@kth.nu',' Philip G Esq');
INSERT INTO USERS (userID,name,email,address) VALUES (332,'Alesia Hixenbaugh','AlHix@kth.nu','9 Front St');
INSERT INTO USERS (userID,name,email,address) VALUES (3876,'Lai Harabedian','LaHar@kth.nu','1933 Packer Ave #2');
INSERT INTO USERS (userID,name,email,address) VALUES (1142,'Brittni Gillaspie','BrGil@kth.nu','67 Rv Cent');
INSERT INTO USERS (userID,name,email,address) VALUES (1819,'Raylene Kampa','RaKam@kth.nu','2 Sw Nyberg Rd');
INSERT INTO USERS (userID,name,email,address) VALUES (3723,'Flo Bookamer','FlBoo@kth.nu','89992 E 15th St');
INSERT INTO USERS (userID,name,email,address) VALUES (1966,'Jani Biddy','JaBid@kth.nu','61556 W 20th Ave');
INSERT INTO USERS (userID,name,email,address) VALUES (4586,'Chauncey Motley','ChMot@kth.nu','63 E Aurora Dr');
INSERT INTO users (userid,name,address,email) VALUES (1,'TA Alice ','Grttan','aliceer@kth.se');
INSERT INTO users (userid,name,address,email) VALUES (2,'TA Andreas ','Grttan','aber5@kth.se'); 
INSERT INTO users (userid,name,address,email) VALUES (3,'TA Victor ','Grttan','vmatt@kth.se');
INSERT INTO users (userid,name,address,email) VALUES (4,'TA Rafael ','Grttan','rafaelpq@kth.se'); 
INSERT INTO users (userid,name,address,email) VALUES (5,'TA Johan','META','johennin@kth.se');
INSERT INTO users (userid,name,address,email) VALUES (6,'TA Simon','META','simonalu@kth.se') ;
INSERT INTO users (userid,name,address,email) VALUES (7,'TA Batman','Bat cave','bwayne@kth.se');

INSERT INTO students (userid, program) VALUES (1,'Civil engineering and teaching'); 
INSERT INTO students (userid, program) VALUES (2,'Civil engineering and teaching');
INSERT INTO students (userid, program) VALUES (3,'Civil engineering and teaching');
INSERT INTO students (userid, program) VALUES (4,'Civil engineering and teaching');
INSERT INTO students (userid, program) VALUES (5,'Computer Science');
INSERT INTO students (userid, program) VALUES (6,'Computer Science');
INSERT INTO students (userid, program) VALUES (7,'Gotham');
INSERT INTO STUDENTS (userID,program) VALUES (4448,'Embedded Systems');
INSERT INTO STUDENTS (userID,program) VALUES (1156,'Communication Systems');
INSERT INTO STUDENTS (userID,program) VALUES (1267,'Embedded Systems');
INSERT INTO STUDENTS (userID,program) VALUES (277,'Naval Architecture');
INSERT INTO STUDENTS (userID,program) VALUES (1153,'Civil and Architectural Engineering');
INSERT INTO STUDENTS (userID,program) VALUES (4804,'Architecture');
INSERT INTO STUDENTS (userID,program) VALUES (2464,'Systems, Control and Robotics');
INSERT INTO STUDENTS (userID,program) VALUES (4743,'Engineering Physics');
INSERT INTO STUDENTS (userID,program) VALUES (1279,'Industrial Management');
INSERT INTO STUDENTS (userID,program) VALUES (2722,'Nanotechnology');
INSERT INTO STUDENTS (userID,program) VALUES (2629,'Integrated Product Design');
INSERT INTO STUDENTS (userID,program) VALUES (2011,'Computer Science');
INSERT INTO STUDENTS (userID,program) VALUES (1116,'Electric Power Engineering');
INSERT INTO STUDENTS (userID,program) VALUES (3297,'Cybersecurity');
INSERT INTO STUDENTS (userID,program) VALUES (832,'Aerospace Engineering');
INSERT INTO STUDENTS (userID,program) VALUES (1861,'Vehicle Engineering');
INSERT INTO STUDENTS (userID,program) VALUES (3687,'Communication Systems');
INSERT INTO STUDENTS (userID,program) VALUES (353,'Embedded Systems');
INSERT INTO STUDENTS (userID,program) VALUES (3907,'Engineering Physics');
INSERT INTO STUDENTS (userID,program) VALUES (4151,'Computer Science');
INSERT INTO STUDENTS (userID,program) VALUES (270,'Engineering Physics');
INSERT INTO STUDENTS (userID,program) VALUES (1258,'Sustainable Energy Engineering');
INSERT INTO STUDENTS (userID,program) VALUES (2925,'Sustainable Energy Engineering');
INSERT INTO STUDENTS (userID,program) VALUES (4249,'Electric Power Engineering');
INSERT INTO STUDENTS (userID,program) VALUES (4416,'Civil and Architectural Engineering');
INSERT INTO STUDENTS (userID,program) VALUES (2230,'Sustainable Technology');
INSERT INTO STUDENTS (userID,program) VALUES (2804,'Computer Science');
INSERT INTO STUDENTS (userID,program) VALUES (2346,'Integrated Product Design');
INSERT INTO STUDENTS (userID,program) VALUES (4728,'Electric Power Engineering');
INSERT INTO STUDENTS (userID,program) VALUES (3962,'Civil and Architectural Engineering');
INSERT INTO STUDENTS (userID,program) VALUES (1024,'Systems, Control and Robotics');
INSERT INTO STUDENTS (userID,program) VALUES (4851,'Sustainable Technology');
INSERT INTO STUDENTS (userID,program) VALUES (866,'Integrated Product Design');
INSERT INTO STUDENTS (userID,program) VALUES (4915,'Electric Power Engineering');
INSERT INTO STUDENTS (userID,program) VALUES (1512,'Architecture');
INSERT INTO STUDENTS (userID,program) VALUES (4624,'Engineering Materials Science');
INSERT INTO STUDENTS (userID,program) VALUES (3667,'Communication Systems');
INSERT INTO STUDENTS (userID,program) VALUES (1354,'Nanotechnology');
INSERT INTO STUDENTS (userID,program) VALUES (4458,'Computer Science');
INSERT INTO STUDENTS (userID,program) VALUES (2848,'Naval Architecture');
INSERT INTO STUDENTS (userID,program) VALUES (3927,'Communication Systems');
INSERT INTO STUDENTS (userID,program) VALUES (1019,'Embedded Systems');
INSERT INTO STUDENTS (userID,program) VALUES (158,'Civil and Architectural Engineering');
INSERT INTO STUDENTS (userID,program) VALUES (2225,'Sustainable Energy Engineering');
INSERT INTO STUDENTS (userID,program) VALUES (2748,'Cybersecurity');
INSERT INTO STUDENTS (userID,program) VALUES (1605,'Sustainable Energy Engineering');
INSERT INTO STUDENTS (userID,program) VALUES (1335,'Sustainable Technology');
INSERT INTO STUDENTS (userID,program) VALUES (4159,'Sustainable Energy Engineering');
INSERT INTO STUDENTS (userID,program) VALUES (3348,'Embedded Systems');
INSERT INTO STUDENTS (userID,program) VALUES (1642,'Transport and Geoinformation Technology');
INSERT INTO STUDENTS (userID,program) VALUES (556,'Architecture');
INSERT INTO STUDENTS (userID,program) VALUES (175,'Engineering Physics');
INSERT INTO STUDENTS (userID,program) VALUES (2171,'Sustainable Energy Engineering');
INSERT INTO STUDENTS (userID,program) VALUES (4891,'Nanotechnology');
INSERT INTO STUDENTS (userID,program) VALUES (2589,'Industrial Management');
INSERT INTO STUDENTS (userID,program) VALUES (1874,'Computer Science');
INSERT INTO STUDENTS (userID,program) VALUES (1129,'Sustainable Energy Engineering');
INSERT INTO STUDENTS (userID,program) VALUES (3236,'Computer Science');
INSERT INTO STUDENTS (userID,program) VALUES (3057,'Sustainable Energy Engineering');
INSERT INTO STUDENTS (userID,program) VALUES (1052,'Cybersecurity');
INSERT INTO STUDENTS (userID,program) VALUES (924,'Integrated Product Design');
INSERT INTO STUDENTS (userID,program) VALUES (1506,'Vehicle Engineering');
INSERT INTO STUDENTS (userID,program) VALUES (436,'Sustainable Technology');
INSERT INTO STUDENTS (userID,program) VALUES (2893,'Integrated Product Design');
INSERT INTO STUDENTS (userID,program) VALUES (2223,'Integrated Product Design');
INSERT INTO STUDENTS (userID,program) VALUES (862,'Sustainable Technology');
INSERT INTO STUDENTS (userID,program) VALUES (4726,'Sustainable Technology');
INSERT INTO STUDENTS (userID,program) VALUES (2466,'Architecture');
INSERT INTO STUDENTS (userID,program) VALUES (4277,'Cybersecurity');
INSERT INTO STUDENTS (userID,program) VALUES (3957,'Embedded Systems');
INSERT INTO STUDENTS (userID,program) VALUES (453,'Cybersecurity');
INSERT INTO STUDENTS (userID,program) VALUES (1480,'Industrial Management');
INSERT INTO STUDENTS (userID,program) VALUES (0,'Sustainable Technology');
INSERT INTO STUDENTS (userID,program) VALUES (3871,'Embedded Systems');
INSERT INTO STUDENTS (userID,program) VALUES (2032,'Computer Science');
INSERT INTO STUDENTS (userID,program) VALUES (806,'Embedded Systems');
INSERT INTO STUDENTS (userID,program) VALUES (1023,'Aerospace Engineering');
INSERT INTO STUDENTS (userID,program) VALUES (2688,'Vehicle Engineering');
INSERT INTO STUDENTS (userID,program) VALUES (4394,'Vehicle Engineering');
INSERT INTO STUDENTS (userID,program) VALUES (3755,'Communication Systems');
INSERT INTO STUDENTS (userID,program) VALUES (2866,'Aerospace Engineering');
INSERT INTO STUDENTS (userID,program) VALUES (695,'Industrial Management');
INSERT INTO STUDENTS (userID,program) VALUES (4340,'Industrial Management');
INSERT INTO STUDENTS (userID,program) VALUES (4623,'Nanotechnology');
INSERT INTO STUDENTS (userID,program) VALUES (3114,'Sustainable Technology');
INSERT INTO STUDENTS (userID,program) VALUES (3071,'Electric Power Engineering');
INSERT INTO STUDENTS (userID,program) VALUES (2280,'Engineering Materials Science');
INSERT INTO STUDENTS (userID,program) VALUES (2194,'Integrated Product Design');
INSERT INTO STUDENTS (userID,program) VALUES (4751,'Nanotechnology');
INSERT INTO STUDENTS (userID,program) VALUES (237,'Transport and Geoinformation Technology');
INSERT INTO STUDENTS (userID,program) VALUES (3157,'Cybersecurity');
INSERT INTO STUDENTS (userID,program) VALUES (4218,'Aerospace Engineering');
INSERT INTO STUDENTS (userID,program) VALUES (1992,'Engineering Materials Science');
INSERT INTO STUDENTS (userID,program) VALUES (4319,'Aerospace Engineering');
INSERT INTO STUDENTS (userID,program) VALUES (2498,'Civil and Architectural Engineering');
INSERT INTO STUDENTS (userID,program) VALUES (2265,'Cybersecurity');
INSERT INTO STUDENTS (userID,program) VALUES (2359,'Sustainable Technology');
INSERT INTO STUDENTS (userID,program) VALUES (1546,'Electric Power Engineering');
INSERT INTO STUDENTS (userID,program) VALUES (2163,'Engineering Materials Science');
INSERT INTO STUDENTS (userID,program) VALUES (2785,'Embedded Systems');
INSERT INTO STUDENTS (userID,program) VALUES (3258,'Systems, Control and Robotics');
INSERT INTO STUDENTS (userID,program) VALUES (4853,'Electric Power Engineering');
INSERT INTO STUDENTS (userID,program) VALUES (3409,'Cybersecurity');
INSERT INTO STUDENTS (userID,program) VALUES (442,'Industrial Management');
INSERT INTO STUDENTS (userID,program) VALUES (3183,'Systems, Control and Robotics');
INSERT INTO STUDENTS (userID,program) VALUES (2891,'Sustainable Technology');
INSERT INTO STUDENTS (userID,program) VALUES (4609,'Transport and Geoinformation Technology');
INSERT INTO STUDENTS (userID,program) VALUES (2039,'Engineering Materials Science');
INSERT INTO STUDENTS (userID,program) VALUES (1397,'Nanotechnology');
INSERT INTO STUDENTS (userID,program) VALUES (3215,'Aerospace Engineering');
INSERT INTO STUDENTS (userID,program) VALUES (263,'Vehicle Engineering');
INSERT INTO STUDENTS (userID,program) VALUES (2815,'Naval Architecture');
INSERT INTO STUDENTS (userID,program) VALUES (810,'Engineering Materials Science');
INSERT INTO STUDENTS (userID,program) VALUES (2010,'Transport and Geoinformation Technology');
INSERT INTO STUDENTS (userID,program) VALUES (2371,'Computer Science');
INSERT INTO STUDENTS (userID,program) VALUES (3240,'Computer Science');
INSERT INTO STUDENTS (userID,program) VALUES (3958,'Engineering Materials Science');
INSERT INTO STUDENTS (userID,program) VALUES (2425,'Cybersecurity');
INSERT INTO STUDENTS (userID,program) VALUES (1523,'Engineering Materials Science');
INSERT INTO STUDENTS (userID,program) VALUES (2840,'Aerospace Engineering');
INSERT INTO STUDENTS (userID,program) VALUES (1702,'Nanotechnology');
INSERT INTO STUDENTS (userID,program) VALUES (3960,'Sustainable Energy Engineering');
INSERT INTO STUDENTS (userID,program) VALUES (4668,'Naval Architecture');
INSERT INTO STUDENTS (userID,program) VALUES (4610,'Electric Power Engineering');
INSERT INTO STUDENTS (userID,program) VALUES (2091,'Embedded Systems');
INSERT INTO STUDENTS (userID,program) VALUES (3864,'Electric Power Engineering');
INSERT INTO STUDENTS (userID,program) VALUES (1415,'Computer Science');
INSERT INTO STUDENTS (userID,program) VALUES (2651,'Systems, Control and Robotics');
INSERT INTO STUDENTS (userID,program) VALUES (2585,'Embedded Systems');
INSERT INTO STUDENTS (userID,program) VALUES (2133,'Civil and Architectural Engineering');
INSERT INTO STUDENTS (userID,program) VALUES (1233,'Sustainable Energy Engineering');
INSERT INTO STUDENTS (userID,program) VALUES (13,'Communication Systems');
INSERT INTO STUDENTS (userID,program) VALUES (3053,'Vehicle Engineering');
INSERT INTO STUDENTS (userID,program) VALUES (3967,'Embedded Systems');
INSERT INTO STUDENTS (userID,program) VALUES (4665,'Civil and Architectural Engineering');
INSERT INTO STUDENTS (userID,program) VALUES (3598,'Vehicle Engineering');
INSERT INTO STUDENTS (userID,program) VALUES (1047,'Embedded Systems');
INSERT INTO STUDENTS (userID,program) VALUES (2229,'Civil and Architectural Engineering');
INSERT INTO STUDENTS (userID,program) VALUES (4779,'Embedded Systems');
INSERT INTO STUDENTS (userID,program) VALUES (3298,'Systems, Control and Robotics');
INSERT INTO STUDENTS (userID,program) VALUES (83,'Cybersecurity');
INSERT INTO STUDENTS (userID,program) VALUES (1170,'Civil and Architectural Engineering');
INSERT INTO STUDENTS (userID,program) VALUES (4539,'Transport and Geoinformation Technology');
INSERT INTO STUDENTS (userID,program) VALUES (4261,'Sustainable Energy Engineering');
INSERT INTO STUDENTS (userID,program) VALUES (4773,'Naval Architecture');
INSERT INTO STUDENTS (userID,program) VALUES (4817,'Integrated Product Design');
INSERT INTO STUDENTS (userID,program) VALUES (4776,'Nanotechnology');
INSERT INTO STUDENTS (userID,program) VALUES (4156,'Naval Architecture');
INSERT INTO STUDENTS (userID,program) VALUES (589,'Electric Power Engineering');
INSERT INTO STUDENTS (userID,program) VALUES (4845,'Electric Power Engineering');
INSERT INTO STUDENTS (userID,program) VALUES (4733,'Architecture');
INSERT INTO STUDENTS (userID,program) VALUES (1215,'Vehicle Engineering');
INSERT INTO STUDENTS (userID,program) VALUES (3504,'Civil and Architectural Engineering');
INSERT INTO STUDENTS (userID,program) VALUES (4987,'Embedded Systems');
INSERT INTO STUDENTS (userID,program) VALUES (2047,'Aerospace Engineering');
INSERT INTO STUDENTS (userID,program) VALUES (3131,'Transport and Geoinformation Technology');
INSERT INTO STUDENTS (userID,program) VALUES (2576,'Systems, Control and Robotics');
INSERT INTO STUDENTS (userID,program) VALUES (2477,'Architecture');
INSERT INTO STUDENTS (userID,program) VALUES (626,'Communication Systems');
INSERT INTO STUDENTS (userID,program) VALUES (3473,'Integrated Product Design');
INSERT INTO STUDENTS (userID,program) VALUES (4730,'Aerospace Engineering');
INSERT INTO STUDENTS (userID,program) VALUES (704,'Systems, Control and Robotics');
INSERT INTO STUDENTS (userID,program) VALUES (3516,'Engineering Materials Science');
INSERT INTO STUDENTS (userID,program) VALUES (861,'Industrial Management');
INSERT INTO STUDENTS (userID,program) VALUES (1471,'Communication Systems');
INSERT INTO STUDENTS (userID,program) VALUES (1521,'Naval Architecture');
INSERT INTO STUDENTS (userID,program) VALUES (4573,'Engineering Physics');
INSERT INTO STUDENTS (userID,program) VALUES (4405,'Industrial Management');
INSERT INTO STUDENTS (userID,program) VALUES (1574,'Nanotechnology');
INSERT INTO STUDENTS (userID,program) VALUES (4589,'Civil and Architectural Engineering');
INSERT INTO STUDENTS (userID,program) VALUES (2123,'Systems, Control and Robotics');
INSERT INTO STUDENTS (userID,program) VALUES (2583,'Cybersecurity');
INSERT INTO STUDENTS (userID,program) VALUES (844,'Embedded Systems');
INSERT INTO STUDENTS (userID,program) VALUES (1577,'Embedded Systems');
INSERT INTO STUDENTS (userID,program) VALUES (1898,'Aerospace Engineering');
INSERT INTO STUDENTS (userID,program) VALUES (2849,'Cybersecurity');
INSERT INTO STUDENTS (userID,program) VALUES (1073,'Integrated Product Design');
INSERT INTO STUDENTS (userID,program) VALUES (4471,'Systems, Control and Robotics');
INSERT INTO STUDENTS (userID,program) VALUES (3855,'Industrial Management');
INSERT INTO STUDENTS (userID,program) VALUES (3094,'Sustainable Technology');
INSERT INTO STUDENTS (userID,program) VALUES (4113,'Vehicle Engineering');
INSERT INTO STUDENTS (userID,program) VALUES (2204,'Nanotechnology');
INSERT INTO STUDENTS (userID,program) VALUES (3615,'Sustainable Energy Engineering');
INSERT INTO STUDENTS (userID,program) VALUES (957,'Aerospace Engineering');
INSERT INTO STUDENTS (userID,program) VALUES (1738,'Nanotechnology');
INSERT INTO STUDENTS (userID,program) VALUES (4588,'Engineering Physics');
INSERT INTO STUDENTS (userID,program) VALUES (1558,'Civil and Architectural Engineering');
INSERT INTO STUDENTS (userID,program) VALUES (2190,'Nanotechnology');
INSERT INTO STUDENTS (userID,program) VALUES (1514,'Industrial Management');
INSERT INTO STUDENTS (userID,program) VALUES (496,'Engineering Physics');
INSERT INTO STUDENTS (userID,program) VALUES (4890,'Industrial Management');
INSERT INTO STUDENTS (userID,program) VALUES (3396,'Sustainable Energy Engineering');
INSERT INTO STUDENTS (userID,program) VALUES (4149,'Systems, Control and Robotics');
INSERT INTO STUDENTS (userID,program) VALUES (4740,'Engineering Physics');
INSERT INTO STUDENTS (userID,program) VALUES (608,'Aerospace Engineering');
INSERT INTO STUDENTS (userID,program) VALUES (4617,'Nanotechnology');
INSERT INTO STUDENTS (userID,program) VALUES (2341,'Communication Systems');
INSERT INTO STUDENTS (userID,program) VALUES (718,'Naval Architecture');
INSERT INTO STUDENTS (userID,program) VALUES (1478,'Computer Science');
INSERT INTO STUDENTS (userID,program) VALUES (381,'Transport and Geoinformation Technology');
INSERT INTO STUDENTS (userID,program) VALUES (51,'Systems, Control and Robotics');
INSERT INTO STUDENTS (userID,program) VALUES (4311,'Sustainable Energy Engineering');
INSERT INTO STUDENTS (userID,program) VALUES (1731,'Communication Systems');
INSERT INTO STUDENTS (userID,program) VALUES (1333,'Sustainable Technology');
INSERT INTO STUDENTS (userID,program) VALUES (1092,'Cybersecurity');
INSERT INTO STUDENTS (userID,program) VALUES (2148,'Industrial Management');
INSERT INTO STUDENTS (userID,program) VALUES (3462,'Architecture');
INSERT INTO STUDENTS (userID,program) VALUES (4327,'Industrial Management');
INSERT INTO STUDENTS (userID,program) VALUES (4190,'Electric Power Engineering');
INSERT INTO STUDENTS (userID,program) VALUES (1586,'Engineering Materials Science');
INSERT INTO STUDENTS (userID,program) VALUES (3865,'Cybersecurity');
INSERT INTO STUDENTS (userID,program) VALUES (3434,'Integrated Product Design');
INSERT INTO STUDENTS (userID,program) VALUES (2886,'Naval Architecture');
INSERT INTO STUDENTS (userID,program) VALUES (2232,'Computer Science');
INSERT INTO STUDENTS (userID,program) VALUES (1666,'Architecture');
INSERT INTO STUDENTS (userID,program) VALUES (3562,'Civil and Architectural Engineering');
INSERT INTO STUDENTS (userID,program) VALUES (3862,'Architecture');
INSERT INTO STUDENTS (userID,program) VALUES (3996,'Transport and Geoinformation Technology');
INSERT INTO STUDENTS (userID,program) VALUES (1628,'Systems, Control and Robotics');
INSERT INTO STUDENTS (userID,program) VALUES (2079,'Nanotechnology');
INSERT INTO STUDENTS (userID,program) VALUES (3318,'Architecture');
INSERT INTO STUDENTS (userID,program) VALUES (3841,'Civil and Architectural Engineering');
INSERT INTO STUDENTS (userID,program) VALUES (1799,'Nanotechnology');
INSERT INTO STUDENTS (userID,program) VALUES (930,'Computer Science');
INSERT INTO STUDENTS (userID,program) VALUES (1484,'Architecture');
INSERT INTO STUDENTS (userID,program) VALUES (2083,'Civil and Architectural Engineering');
INSERT INTO STUDENTS (userID,program) VALUES (3732,'Civil and Architectural Engineering');
INSERT INTO STUDENTS (userID,program) VALUES (742,'Architecture');
INSERT INTO STUDENTS (userID,program) VALUES (4258,'Electric Power Engineering');
INSERT INTO STUDENTS (userID,program) VALUES (364,'Electric Power Engineering');
INSERT INTO STUDENTS (userID,program) VALUES (2639,'Computer Science');
INSERT INTO STUDENTS (userID,program) VALUES (1860,'Nanotechnology');
INSERT INTO STUDENTS (userID,program) VALUES (950,'Electric Power Engineering');
INSERT INTO STUDENTS (userID,program) VALUES (134,'Communication Systems');
INSERT INTO STUDENTS (userID,program) VALUES (734,'Communication Systems');
INSERT INTO STUDENTS (userID,program) VALUES (3942,'Electric Power Engineering');
INSERT INTO STUDENTS (userID,program) VALUES (2786,'Cybersecurity');
INSERT INTO STUDENTS (userID,program) VALUES (3906,'Engineering Physics');
INSERT INTO STUDENTS (userID,program) VALUES (1440,'Cybersecurity');
INSERT INTO STUDENTS (userID,program) VALUES (3531,'Embedded Systems');
INSERT INTO STUDENTS (userID,program) VALUES (1821,'Transport and Geoinformation Technology');
INSERT INTO STUDENTS (userID,program) VALUES (4363,'Communication Systems');
INSERT INTO STUDENTS (userID,program) VALUES (2433,'Sustainable Technology');
INSERT INTO STUDENTS (userID,program) VALUES (3511,'Embedded Systems');
INSERT INTO STUDENTS (userID,program) VALUES (590,'Transport and Geoinformation Technology');
INSERT INTO STUDENTS (userID,program) VALUES (2584,'Electric Power Engineering');
INSERT INTO STUDENTS (userID,program) VALUES (2913,'Nanotechnology');
INSERT INTO STUDENTS (userID,program) VALUES (3635,'Integrated Product Design');
INSERT INTO STUDENTS (userID,program) VALUES (1293,'Naval Architecture');
INSERT INTO STUDENTS (userID,program) VALUES (2388,'Embedded Systems');
INSERT INTO STUDENTS (userID,program) VALUES (4746,'Communication Systems');
INSERT INTO STUDENTS (userID,program) VALUES (1946,'Communication Systems');
INSERT INTO STUDENTS (userID,program) VALUES (659,'Sustainable Energy Engineering');
INSERT INTO STUDENTS (userID,program) VALUES (2214,'Computer Science');
INSERT INTO STUDENTS (userID,program) VALUES (2487,'Engineering Materials Science');
INSERT INTO STUDENTS (userID,program) VALUES (1987,'Computer Science');
INSERT INTO STUDENTS (userID,program) VALUES (290,'Electric Power Engineering');
INSERT INTO STUDENTS (userID,program) VALUES (3852,'Sustainable Energy Engineering');
INSERT INTO STUDENTS (userID,program) VALUES (2308,'Integrated Product Design');
INSERT INTO STUDENTS (userID,program) VALUES (1515,'Industrial Management');
INSERT INTO STUDENTS (userID,program) VALUES (910,'Naval Architecture');
INSERT INTO STUDENTS (userID,program) VALUES (1041,'Transport and Geoinformation Technology');
INSERT INTO STUDENTS (userID,program) VALUES (4346,'Sustainable Technology');
INSERT INTO STUDENTS (userID,program) VALUES (2098,'Naval Architecture');
INSERT INTO STUDENTS (userID,program) VALUES (2543,'Engineering Physics');
INSERT INTO STUDENTS (userID,program) VALUES (4591,'Sustainable Energy Engineering');
INSERT INTO STUDENTS (userID,program) VALUES (4884,'Communication Systems');
INSERT INTO STUDENTS (userID,program) VALUES (2717,'Communication Systems');
INSERT INTO STUDENTS (userID,program) VALUES (209,'Architecture');
INSERT INTO STUDENTS (userID,program) VALUES (3911,'Civil and Architectural Engineering');
INSERT INTO STUDENTS (userID,program) VALUES (4357,'Systems, Control and Robotics');
INSERT INTO STUDENTS (userID,program) VALUES (2967,'Electric Power Engineering');
INSERT INTO STUDENTS (userID,program) VALUES (3015,'Embedded Systems');
INSERT INTO STUDENTS (userID,program) VALUES (1147,'Aerospace Engineering');
INSERT INTO STUDENTS (userID,program) VALUES (1547,'Sustainable Energy Engineering');
INSERT INTO STUDENTS (userID,program) VALUES (4284,'Systems, Control and Robotics');
INSERT INTO STUDENTS (userID,program) VALUES (325,'Engineering Physics');
INSERT INTO STUDENTS (userID,program) VALUES (632,'Transport and Geoinformation Technology');
INSERT INTO STUDENTS (userID,program) VALUES (1251,'Vehicle Engineering');
INSERT INTO STUDENTS (userID,program) VALUES (3546,'Vehicle Engineering');
INSERT INTO STUDENTS (userID,program) VALUES (2285,'Electric Power Engineering');
INSERT INTO STUDENTS (userID,program) VALUES (4605,'Nanotechnology');
INSERT INTO STUDENTS (userID,program) VALUES (4241,'Systems, Control and Robotics');
INSERT INTO STUDENTS (userID,program) VALUES (4818,'Sustainable Energy Engineering');
INSERT INTO STUDENTS (userID,program) VALUES (2410,'Aerospace Engineering');
INSERT INTO STUDENTS (userID,program) VALUES (2140,'Vehicle Engineering');
INSERT INTO STUDENTS (userID,program) VALUES (2657,'Electric Power Engineering');
INSERT INTO STUDENTS (userID,program) VALUES (2683,'Integrated Product Design');
INSERT INTO STUDENTS (userID,program) VALUES (572,'Systems, Control and Robotics');
INSERT INTO STUDENTS (userID,program) VALUES (1048,'Embedded Systems');
INSERT INTO STUDENTS (userID,program) VALUES (2654,'Sustainable Technology');
INSERT INTO STUDENTS (userID,program) VALUES (4095,'Engineering Materials Science');
INSERT INTO STUDENTS (userID,program) VALUES (4270,'Civil and Architectural Engineering');
INSERT INTO STUDENTS (userID,program) VALUES (310,'Computer Science');
INSERT INTO STUDENTS (userID,program) VALUES (3251,'Systems, Control and Robotics');
INSERT INTO STUDENTS (userID,program) VALUES (4328,'Naval Architecture');
INSERT INTO STUDENTS (userID,program) VALUES (4119,'Computer Science');
INSERT INTO STUDENTS (userID,program) VALUES (4456,'Integrated Product Design');
INSERT INTO STUDENTS (userID,program) VALUES (2731,'Systems, Control and Robotics');
INSERT INTO STUDENTS (userID,program) VALUES (1710,'Engineering Materials Science');
INSERT INTO STUDENTS (userID,program) VALUES (3284,'Naval Architecture');
INSERT INTO STUDENTS (userID,program) VALUES (4788,'Vehicle Engineering');
INSERT INTO STUDENTS (userID,program) VALUES (2600,'Vehicle Engineering');
INSERT INTO STUDENTS (userID,program) VALUES (2897,'Electric Power Engineering');
INSERT INTO STUDENTS (userID,program) VALUES (1299,'Sustainable Technology');
INSERT INTO STUDENTS (userID,program) VALUES (2563,'Integrated Product Design');
INSERT INTO STUDENTS (userID,program) VALUES (1273,'Integrated Product Design');
INSERT INTO STUDENTS (userID,program) VALUES (3052,'Computer Science');
INSERT INTO STUDENTS (userID,program) VALUES (3839,'Engineering Physics');
INSERT INTO STUDENTS (userID,program) VALUES (2424,'Civil and Architectural Engineering');
INSERT INTO STUDENTS (userID,program) VALUES (4940,'Engineering Physics');
INSERT INTO STUDENTS (userID,program) VALUES (3301,'Sustainable Energy Engineering');
INSERT INTO STUDENTS (userID,program) VALUES (4496,'Electric Power Engineering');
INSERT INTO STUDENTS (userID,program) VALUES (2905,'Electric Power Engineering');
INSERT INTO STUDENTS (userID,program) VALUES (1869,'Engineering Physics');
INSERT INTO STUDENTS (userID,program) VALUES (4698,'Computer Science');
INSERT INTO STUDENTS (userID,program) VALUES (1081,'Electric Power Engineering');
INSERT INTO STUDENTS (userID,program) VALUES (1769,'Integrated Product Design');
INSERT INTO STUDENTS (userID,program) VALUES (4453,'Industrial Management');
INSERT INTO STUDENTS (userID,program) VALUES (968,'Sustainable Technology');
INSERT INTO STUDENTS (userID,program) VALUES (4201,'Nanotechnology');
INSERT INTO STUDENTS (userID,program) VALUES (4380,'Systems, Control and Robotics');
INSERT INTO STUDENTS (userID,program) VALUES (4608,'Embedded Systems');
INSERT INTO STUDENTS (userID,program) VALUES (4934,'Industrial Management');
INSERT INTO STUDENTS (userID,program) VALUES (45,'Computer Science');
INSERT INTO STUDENTS (userID,program) VALUES (1618,'Vehicle Engineering');
INSERT INTO STUDENTS (userID,program) VALUES (139,'Computer Science');
INSERT INTO STUDENTS (userID,program) VALUES (1900,'Embedded Systems');
INSERT INTO STUDENTS (userID,program) VALUES (4373,'Vehicle Engineering');
INSERT INTO STUDENTS (userID,program) VALUES (1298,'Electric Power Engineering');
INSERT INTO STUDENTS (userID,program) VALUES (2244,'Sustainable Technology');
INSERT INTO STUDENTS (userID,program) VALUES (773,'Systems, Control and Robotics');
INSERT INTO STUDENTS (userID,program) VALUES (4650,'Electric Power Engineering');
INSERT INTO STUDENTS (userID,program) VALUES (2622,'Aerospace Engineering');
INSERT INTO STUDENTS (userID,program) VALUES (2965,'Sustainable Energy Engineering');
INSERT INTO STUDENTS (userID,program) VALUES (1272,'Sustainable Technology');
INSERT INTO STUDENTS (userID,program) VALUES (523,'Communication Systems');
INSERT INTO STUDENTS (userID,program) VALUES (4979,'Computer Science');
INSERT INTO STUDENTS (userID,program) VALUES (2720,'Architecture');
INSERT INTO STUDENTS (userID,program) VALUES (4268,'Sustainable Energy Engineering');
INSERT INTO STUDENTS (userID,program) VALUES (3912,'Embedded Systems');
INSERT INTO STUDENTS (userID,program) VALUES (2768,'Engineering Materials Science');
INSERT INTO STUDENTS (userID,program) VALUES (3798,'Engineering Materials Science');
INSERT INTO STUDENTS (userID,program) VALUES (3186,'Industrial Management');
INSERT INTO STUDENTS (userID,program) VALUES (1308,'Vehicle Engineering');
INSERT INTO STUDENTS (userID,program) VALUES (3178,'Aerospace Engineering');
INSERT INTO STUDENTS (userID,program) VALUES (1620,'Aerospace Engineering');
INSERT INTO STUDENTS (userID,program) VALUES (1190,'Civil and Architectural Engineering');
INSERT INTO STUDENTS (userID,program) VALUES (617,'Sustainable Energy Engineering');
INSERT INTO STUDENTS (userID,program) VALUES (3653,'Civil and Architectural Engineering');
INSERT INTO STUDENTS (userID,program) VALUES (3623,'Architecture');
INSERT INTO STUDENTS (userID,program) VALUES (2386,'Civil and Architectural Engineering');
INSERT INTO STUDENTS (userID,program) VALUES (2389,'Engineering Materials Science');
INSERT INTO STUDENTS (userID,program) VALUES (1075,'Electric Power Engineering');
INSERT INTO STUDENTS (userID,program) VALUES (2997,'Naval Architecture');
INSERT INTO STUDENTS (userID,program) VALUES (4680,'Systems, Control and Robotics');
INSERT INTO STUDENTS (userID,program) VALUES (4476,'Industrial Management');
INSERT INTO STUDENTS (userID,program) VALUES (3199,'Civil and Architectural Engineering');
INSERT INTO STUDENTS (userID,program) VALUES (780,'Nanotechnology');
INSERT INTO STUDENTS (userID,program) VALUES (3486,'Aerospace Engineering');
INSERT INTO STUDENTS (userID,program) VALUES (2904,'Cybersecurity');
INSERT INTO STUDENTS (userID,program) VALUES (4856,'Computer Science');
INSERT INTO STUDENTS (userID,program) VALUES (2336,'Systems, Control and Robotics');
INSERT INTO STUDENTS (userID,program) VALUES (894,'Architecture');
INSERT INTO STUDENTS (userID,program) VALUES (4859,'Integrated Product Design');
INSERT INTO STUDENTS (userID,program) VALUES (865,'Cybersecurity');
INSERT INTO STUDENTS (userID,program) VALUES (1559,'Vehicle Engineering');
INSERT INTO STUDENTS (userID,program) VALUES (4468,'Naval Architecture');
INSERT INTO STUDENTS (userID,program) VALUES (4058,'Engineering Materials Science');
INSERT INTO STUDENTS (userID,program) VALUES (2328,'Computer Science');
INSERT INTO STUDENTS (userID,program) VALUES (2560,'Engineering Materials Science');
INSERT INTO STUDENTS (userID,program) VALUES (2922,'Systems, Control and Robotics');
INSERT INTO STUDENTS (userID,program) VALUES (1400,'Vehicle Engineering');
INSERT INTO STUDENTS (userID,program) VALUES (2022,'Sustainable Energy Engineering');
INSERT INTO STUDENTS (userID,program) VALUES (2329,'Aerospace Engineering');
INSERT INTO STUDENTS (userID,program) VALUES (271,'Cybersecurity');
INSERT INTO STUDENTS (userID,program) VALUES (2199,'Sustainable Energy Engineering');
INSERT INTO STUDENTS (userID,program) VALUES (2996,'Civil and Architectural Engineering');
INSERT INTO STUDENTS (userID,program) VALUES (4225,'Electric Power Engineering');
INSERT INTO STUDENTS (userID,program) VALUES (913,'Integrated Product Design');
INSERT INTO STUDENTS (userID,program) VALUES (3989,'Electric Power Engineering');
INSERT INTO STUDENTS (userID,program) VALUES (3749,'Communication Systems');
INSERT INTO STUDENTS (userID,program) VALUES (459,'Integrated Product Design');
INSERT INTO STUDENTS (userID,program) VALUES (1343,'Civil and Architectural Engineering');
INSERT INTO STUDENTS (userID,program) VALUES (2637,'Nanotechnology');
INSERT INTO STUDENTS (userID,program) VALUES (1886,'Civil and Architectural Engineering');
INSERT INTO STUDENTS (userID,program) VALUES (793,'Architecture');
INSERT INTO STUDENTS (userID,program) VALUES (4370,'Aerospace Engineering');
INSERT INTO STUDENTS (userID,program) VALUES (1494,'Cybersecurity');
INSERT INTO STUDENTS (userID,program) VALUES (4407,'Electric Power Engineering');
INSERT INTO STUDENTS (userID,program) VALUES (341,'Sustainable Energy Engineering');
INSERT INTO STUDENTS (userID,program) VALUES (2246,'Naval Architecture');
INSERT INTO STUDENTS (userID,program) VALUES (3843,'Cybersecurity');
INSERT INTO STUDENTS (userID,program) VALUES (1139,'Sustainable Technology');
INSERT INTO STUDENTS (userID,program) VALUES (4750,'Electric Power Engineering');
INSERT INTO STUDENTS (userID,program) VALUES (4329,'Engineering Physics');
INSERT INTO STUDENTS (userID,program) VALUES (2689,'Sustainable Energy Engineering');
INSERT INTO STUDENTS (userID,program) VALUES (2918,'Civil and Architectural Engineering');
INSERT INTO STUDENTS (userID,program) VALUES (2814,'Systems, Control and Robotics');
INSERT INTO STUDENTS (userID,program) VALUES (3458,'Computer Science');
INSERT INTO STUDENTS (userID,program) VALUES (3509,'Architecture');
INSERT INTO STUDENTS (userID,program) VALUES (2242,'Nanotechnology');
INSERT INTO STUDENTS (userID,program) VALUES (343,'Sustainable Technology');
INSERT INTO STUDENTS (userID,program) VALUES (3660,'Sustainable Technology');
INSERT INTO STUDENTS (userID,program) VALUES (1525,'Naval Architecture');
INSERT INTO STUDENTS (userID,program) VALUES (2178,'Sustainable Energy Engineering');
INSERT INTO STUDENTS (userID,program) VALUES (1621,'Integrated Product Design');
INSERT INTO STUDENTS (userID,program) VALUES (2515,'Communication Systems');
INSERT INTO STUDENTS (userID,program) VALUES (969,'Architecture');
INSERT INTO STUDENTS (userID,program) VALUES (1734,'Transport and Geoinformation Technology');
INSERT INTO STUDENTS (userID,program) VALUES (4961,'Industrial Management');
INSERT INTO STUDENTS (userID,program) VALUES (3196,'Integrated Product Design');
INSERT INTO STUDENTS (userID,program) VALUES (4774,'Cybersecurity');
INSERT INTO STUDENTS (userID,program) VALUES (170,'Naval Architecture');
INSERT INTO STUDENTS (userID,program) VALUES (2570,'Vehicle Engineering');
INSERT INTO STUDENTS (userID,program) VALUES (2175,'Communication Systems');
INSERT INTO STUDENTS (userID,program) VALUES (1865,'Sustainable Technology');
INSERT INTO STUDENTS (userID,program) VALUES (815,'Sustainable Technology');
INSERT INTO STUDENTS (userID,program) VALUES (3753,'Integrated Product Design');
INSERT INTO STUDENTS (userID,program) VALUES (151,'Vehicle Engineering');
INSERT INTO STUDENTS (userID,program) VALUES (3134,'Transport and Geoinformation Technology');
INSERT INTO STUDENTS (userID,program) VALUES (3286,'Integrated Product Design');
INSERT INTO STUDENTS (userID,program) VALUES (129,'Cybersecurity');
INSERT INTO STUDENTS (userID,program) VALUES (2484,'Civil and Architectural Engineering');
INSERT INTO STUDENTS (userID,program) VALUES (2107,'Naval Architecture');
INSERT INTO STUDENTS (userID,program) VALUES (2574,'Embedded Systems');
INSERT INTO STUDENTS (userID,program) VALUES (3544,'Sustainable Technology');
INSERT INTO STUDENTS (userID,program) VALUES (183,'Sustainable Technology');
INSERT INTO STUDENTS (userID,program) VALUES (3188,'Transport and Geoinformation Technology');
INSERT INTO STUDENTS (userID,program) VALUES (4122,'Cybersecurity');
INSERT INTO STUDENTS (userID,program) VALUES (3426,'Civil and Architectural Engineering');
INSERT INTO STUDENTS (userID,program) VALUES (890,'Embedded Systems');
INSERT INTO STUDENTS (userID,program) VALUES (703,'Civil and Architectural Engineering');
INSERT INTO STUDENTS (userID,program) VALUES (156,'Systems, Control and Robotics');
INSERT INTO STUDENTS (userID,program) VALUES (3726,'Naval Architecture');
INSERT INTO STUDENTS (userID,program) VALUES (3388,'Computer Science');
INSERT INTO STUDENTS (userID,program) VALUES (4619,'Transport and Geoinformation Technology');
INSERT INTO STUDENTS (userID,program) VALUES (3551,'Civil and Architectural Engineering');
INSERT INTO STUDENTS (userID,program) VALUES (731,'Sustainable Energy Engineering');
INSERT INTO STUDENTS (userID,program) VALUES (1968,'Integrated Product Design');
INSERT INTO STUDENTS (userID,program) VALUES (3341,'Engineering Materials Science');
INSERT INTO STUDENTS (userID,program) VALUES (2874,'Naval Architecture');
INSERT INTO STUDENTS (userID,program) VALUES (236,'Vehicle Engineering');
INSERT INTO STUDENTS (userID,program) VALUES (1749,'Integrated Product Design');
INSERT INTO STUDENTS (userID,program) VALUES (925,'Transport and Geoinformation Technology');
INSERT INTO STUDENTS (userID,program) VALUES (4384,'Cybersecurity');
INSERT INTO STUDENTS (userID,program) VALUES (164,'Industrial Management');
INSERT INTO STUDENTS (userID,program) VALUES (2509,'Computer Science');
INSERT INTO STUDENTS (userID,program) VALUES (2323,'Sustainable Energy Engineering');
INSERT INTO STUDENTS (userID,program) VALUES (2926,'Communication Systems');
INSERT INTO STUDENTS (userID,program) VALUES (1412,'Industrial Management');
INSERT INTO STUDENTS (userID,program) VALUES (1984,'Sustainable Energy Engineering');
INSERT INTO STUDENTS (userID,program) VALUES (2439,'Electric Power Engineering');
INSERT INTO STUDENTS (userID,program) VALUES (4877,'Sustainable Energy Engineering');
INSERT INTO STUDENTS (userID,program) VALUES (216,'Embedded Systems');
INSERT INTO STUDENTS (userID,program) VALUES (964,'Industrial Management');
INSERT INTO STUDENTS (userID,program) VALUES (4082,'Aerospace Engineering');
INSERT INTO STUDENTS (userID,program) VALUES (2698,'Cybersecurity');
INSERT INTO STUDENTS (userID,program) VALUES (2928,'Naval Architecture');
INSERT INTO STUDENTS (userID,program) VALUES (2593,'Sustainable Energy Engineering');
INSERT INTO STUDENTS (userID,program) VALUES (3581,'Architecture');
INSERT INTO STUDENTS (userID,program) VALUES (4771,'Naval Architecture');
INSERT INTO STUDENTS (userID,program) VALUES (2043,'Computer Science');
INSERT INTO STUDENTS (userID,program) VALUES (2183,'Architecture');
INSERT INTO STUDENTS (userID,program) VALUES (2669,'Vehicle Engineering');
INSERT INTO STUDENTS (userID,program) VALUES (47,'Nanotechnology');
INSERT INTO STUDENTS (userID,program) VALUES (2610,'Electric Power Engineering');
INSERT INTO STUDENTS (userID,program) VALUES (2191,'Integrated Product Design');
INSERT INTO STUDENTS (userID,program) VALUES (196,'Engineering Materials Science');
INSERT INTO STUDENTS (userID,program) VALUES (304,'Sustainable Energy Engineering');
INSERT INTO STUDENTS (userID,program) VALUES (2714,'Cybersecurity');
INSERT INTO STUDENTS (userID,program) VALUES (2770,'Civil and Architectural Engineering');
INSERT INTO STUDENTS (userID,program) VALUES (2188,'Aerospace Engineering');
INSERT INTO STUDENTS (userID,program) VALUES (332,'Naval Architecture');
INSERT INTO STUDENTS (userID,program) VALUES (3876,'Engineering Physics');
INSERT INTO STUDENTS (userID,program) VALUES (1142,'Engineering Materials Science');
INSERT INTO STUDENTS (userID,program) VALUES (1819,'Vehicle Engineering');
INSERT INTO STUDENTS (userID,program) VALUES (3723,'Nanotechnology');
INSERT INTO STUDENTS (userID,program) VALUES (1966,'Computer Science');
INSERT INTO STUDENTS (userID,program) VALUES (4586,'Architecture');

INSERT INTO ADMINS (userID,department,phoneNumber) VALUES (3762,'Optimization and Systems Theory','073-981 87 25');
INSERT INTO ADMINS (userID,department,phoneNumber) VALUES (3745,'Gene Technology','073-828 72 89');
INSERT INTO ADMINS (userID,department,phoneNumber) VALUES (3180,'Gene Technology','076-920 53 89');
INSERT INTO ADMINS (userID,department,phoneNumber) VALUES (144,'Optimization and Systems Theory','076-322 84 47');
INSERT INTO ADMINS (userID,department,phoneNumber) VALUES (4001,'Protein Science','073-803 88 95');
INSERT INTO ADMINS (userID,department,phoneNumber) VALUES (4663,'Mathematical Statistics','073-176 89 52');
INSERT INTO ADMINS (userID,department,phoneNumber) VALUES (4520,'Chemical Engineering','076-646 32 10');
INSERT INTO ADMINS (userID,department,phoneNumber) VALUES (581,'Gene Technology','073-257 60 29');
INSERT INTO ADMINS (userID,department,phoneNumber) VALUES (1988,'Mathematics','073-117 11 66');
INSERT INTO ADMINS (userID,department,phoneNumber) VALUES (661,'Chemistry','076-889 54 69');
INSERT INTO ADMINS (userID,department,phoneNumber) VALUES (4967,'Nuclear Physics','073-980 35 82');
INSERT INTO ADMINS (userID,department,phoneNumber) VALUES (333,'Communication Systems','073-577 20 54');
INSERT INTO ADMINS (userID,department,phoneNumber) VALUES (3605,'Theoretical Computer Science','076-936 87 14');
INSERT INTO ADMINS (userID,department,phoneNumber) VALUES (3336,'Condensed matter theory','073-941 59 58');
INSERT INTO ADMINS (userID,department,phoneNumber) VALUES (3592,'Theoretical Computer Science','073-515 77 75');
INSERT INTO ADMINS (userID,department,phoneNumber) VALUES (200,'Optimization and Systems Theory','076-966 43 65');
INSERT INTO ADMINS (userID,department,phoneNumber) VALUES (4413,'Nuclear Physics','076-351 74 79');
INSERT INTO ADMINS (userID,department,phoneNumber) VALUES (3933,'Chemical Engineering','076-772 80 36');
INSERT INTO ADMINS (userID,department,phoneNumber) VALUES (3411,'Communication Systems','076-184 95 88');
INSERT INTO ADMINS (userID,department,phoneNumber) VALUES (3080,'Mathematics','076-223 44 37');

INSERT INTO BORROWING (borrowingID,physicalID,userID,DoB,DoR,DoE) VALUES (34194,9566365,2593,'2021-02-15','2021-02-21','2021-02-22');
INSERT INTO BORROWING (borrowingID,physicalID,userID,DoB,DoR,DoE) VALUES (47785,9059579,2997,'2021-10-30',Null,'2021-11-06');
INSERT INTO BORROWING (borrowingID,physicalID,userID,DoB,DoR,DoE) VALUES (48965,9059579,3667,'2021-06-03','2021-06-11','2021-06-10');
INSERT INTO BORROWING (borrowingID,physicalID,userID,DoB,DoR,DoE) VALUES (31987,8723651,4159,'2021-02-02',Null,'2021-02-09');
INSERT INTO BORROWING (borrowingID,physicalID,userID,DoB,DoR,DoE) VALUES (18956,4940238,2091,'2021-06-30','2021-07-08','2021-07-07');
INSERT INTO BORROWING (borrowingID,physicalID,userID,DoB,DoR,DoE) VALUES (36117,8752710,4407,'2021-09-11',Null,'2021-09-18');
INSERT INTO BORROWING (borrowingID,physicalID,userID,DoB,DoR,DoE) VALUES (39422,8723651,2717,'2021-01-12','2021-01-19','2021-01-19');
INSERT INTO BORROWING (borrowingID,physicalID,userID,DoB,DoR,DoE) VALUES (34259,2068840,861,'2021-10-31',Null,'2021-11-07');
INSERT INTO BORROWING (borrowingID,physicalID,userID,DoB,DoR,DoE) VALUES (17794,5750475,4261,'2021-07-13','2021-07-20','2021-07-20');
INSERT INTO BORROWING (borrowingID,physicalID,userID,DoB,DoR,DoE) VALUES (33312,3673516,2223,'2021-01-18',Null,'2021-01-25');
INSERT INTO BORROWING (borrowingID,physicalID,userID,DoB,DoR,DoE) VALUES (21795,8752710,4623,'2021-03-13','2021-03-22','2021-03-20');
INSERT INTO BORROWING (borrowingID,physicalID,userID,DoB,DoR,DoE) VALUES (21485,2500003,2996,'2021-01-22',Null,'2021-01-29');
INSERT INTO BORROWING (borrowingID,physicalID,userID,DoB,DoR,DoE) VALUES (45408,7348544,2610,'2021-08-09','2021-08-15','2021-08-16');

INSERT INTO BORROWING (borrowingID,physicalID,userID,DoB,DoR,DoE) VALUES (47858,2068840,1233,'2021-10-22','2021-11-01','2021-10-29');
INSERT INTO BORROWING (borrowingID,physicalID,userID,DoB,DoR,DoE) VALUES (37517,6093882,2244,'2021-07-16',Null,'2021-07-23');
INSERT INTO BORROWING (borrowingID,physicalID,userID,DoB,DoR,DoE) VALUES (11652,9037334,3855,'2021-04-23','2021-05-01','2021-04-30');

INSERT INTO BORROWING (borrowingID,physicalID,userID,DoB,DoR,DoE) VALUES (48661,3673516,3551,'2021-04-05','2021-04-05','2021-04-12');
INSERT INTO BORROWING (borrowingID,physicalID,userID,DoB,DoR,DoE) VALUES (27837,4200572,3907,'2021-06-27',Null,'2021-07-04');
INSERT INTO BORROWING (borrowingID,physicalID,userID,DoB,DoR,DoE) VALUES (15418,2377814,2098,'2021-01-06','2021-01-06','2021-01-13');
INSERT INTO BORROWING (borrowingID,physicalID,userID,DoB,DoR,DoE) VALUES (12042,5577273,1525,'2021-02-21',Null,'2021-02-28');

INSERT INTO BORROWING (borrowingID,physicalID,userID,DoB,DoR,DoE) VALUES (10344,1322184,134,'2021-03-24',Null,'2021-03-31');
INSERT INTO BORROWING (borrowingID,physicalID,userID,DoB,DoR,DoE) VALUES (40874,7882190,1819,'2021-01-22','2021-01-23','2021-01-29');
INSERT INTO BORROWING (borrowingID,physicalID,userID,DoB,DoR,DoE) VALUES (39379,8679920,129,'2021-05-07',Null,'2021-05-14');
INSERT INTO BORROWING (borrowingID,physicalID,userID,DoB,DoR,DoE) VALUES (40981,5645971,2477,'2021-04-26','2021-04-27','2021-05-03');
INSERT INTO BORROWING (borrowingID,physicalID,userID,DoB,DoR,DoE) VALUES (34756,3556247,2840,'2021-01-22',Null,'2021-01-29');
INSERT INTO BORROWING (borrowingID,physicalID,userID,DoB,DoR,DoE) VALUES (30600,3832088,3186,'2021-07-03','2021-07-09','2021-07-10');
INSERT INTO BORROWING (borrowingID,physicalID,userID,DoB,DoR,DoE) VALUES (37085,8831953,2043,'2021-09-04',Null,'2021-09-11');

INSERT INTO BORROWING (borrowingID,physicalID,userID,DoB,DoR,DoE) VALUES (47852,8509871,1335,'2021-08-16',Null,'2021-08-23');
INSERT INTO BORROWING (borrowingID,physicalID,userID,DoB,DoR,DoE) VALUES (43210,3929726,236,'2021-03-02','2021-03-08','2021-03-09');
INSERT INTO BORROWING (borrowingID,physicalID,userID,DoB,DoR,DoE) VALUES (10814,8303961,2140,'2021-03-18',Null,'2021-03-25');
INSERT INTO BORROWING (borrowingID,physicalID,userID,DoB,DoR,DoE) VALUES (28685,5939718,704,'2021-06-16','2021-06-20','2021-06-23');
INSERT INTO BORROWING (borrowingID,physicalID,userID,DoB,DoR,DoE) VALUES (14870,7802442,632,'2021-09-07',Null,'2021-09-14');
INSERT INTO BORROWING (borrowingID,physicalID,userID,DoB,DoR,DoE) VALUES (25297,3160880,4776,'2021-08-05','2021-08-15','2021-08-12');
INSERT INTO BORROWING (borrowingID,physicalID,userID,DoB,DoR,DoE) VALUES (14956,1221428,3876,'2021-10-31',Null,'2021-11-07');
INSERT INTO BORROWING (borrowingID,physicalID,userID,DoB,DoR,DoE) VALUES (13092,4200572,4156,'2021-04-25','2021-04-29','2021-05-02');
INSERT INTO BORROWING (borrowingID,physicalID,userID,DoB,DoR,DoE) VALUES (32955,7247184,1484,'2021-05-09',Null,'2021-05-16');
INSERT INTO BORROWING (borrowingID,physicalID,userID,DoB,DoR,DoE) VALUES (22880,3196813,1769,'2021-07-20','2021-07-21','2021-07-27');
INSERT INTO BORROWING (borrowingID,physicalID,userID,DoB,DoR,DoE) VALUES (12770,5368641,2083,'2021-01-26',Null,'2021-02-02');
INSERT INTO BORROWING (borrowingID,physicalID,userID,DoB,DoR,DoE) VALUES (47397,5577273,196,'2021-04-05','2021-04-09','2021-04-12');
INSERT INTO BORROWING (borrowingID,physicalID,userID,DoB,DoR,DoE) VALUES (22375,7527707,2584,'2021-10-28',Null,'2021-11-04');
INSERT INTO BORROWING (borrowingID,physicalID,userID,DoB,DoR,DoE) VALUES (13996,1579017,2425,'2021-07-30','2021-08-06','2021-08-06');
INSERT INTO BORROWING (borrowingID,physicalID,userID,DoB,DoR,DoE) VALUES (19101,8765050,4751,'2021-04-21',Null,'2021-04-28');
INSERT INTO BORROWING (borrowingID,physicalID,userID,DoB,DoR,DoE) VALUES (30206,1322184,3258,'2021-06-06','2021-06-07','2021-06-13');
INSERT INTO BORROWING (borrowingID,physicalID,userID,DoB,DoR,DoE) VALUES (18789,4936881,2371,'2021-05-02',Null,'2021-05-09');
INSERT INTO BORROWING (borrowingID,physicalID,userID,DoB,DoR,DoE) VALUES (40479,6993654,151,'2021-09-23','2021-10-03','2021-09-30');
INSERT INTO BORROWING (borrowingID,physicalID,userID,DoB,DoR,DoE) VALUES (35524,9801920,3581,'2021-03-27',Null,'2021-04-03');
INSERT INTO BORROWING (borrowingID,physicalID,userID,DoB,DoR,DoE) VALUES (36658,8679920,4591,'2021-04-21','2021-04-22','2021-04-28');
INSERT INTO BORROWING (borrowingID,physicalID,userID,DoB,DoR,DoE) VALUES (21334,1221339,2242,'2021-02-25',Null,'2021-03-04');
INSERT INTO BORROWING (borrowingID,physicalID,userID,DoB,DoR,DoE) VALUES (38774,1676084,51,'2021-03-26','2021-04-02','2021-04-02');
INSERT INTO BORROWING (borrowingID,physicalID,userID,DoB,DoR,DoE) VALUES (30683,3139281,4591,'2021-06-05',Null,'2021-06-12');
INSERT INTO BORROWING (borrowingID,physicalID,userID,DoB,DoR,DoE) VALUES (18097,3556247,2657,'2021-06-21','2021-06-23','2021-06-28');
INSERT INTO BORROWING (borrowingID,physicalID,userID,DoB,DoR,DoE) VALUES (13643,4100672,4407,'2021-05-18',Null,'2021-05-25');
INSERT INTO BORROWING (borrowingID,physicalID,userID,DoB,DoR,DoE) VALUES (42871,9461135,2897,'2021-04-25','2021-05-03','2021-05-02');
INSERT INTO BORROWING (borrowingID,physicalID,userID,DoB,DoR,DoE) VALUES (48384,6045036,2928,'2021-08-13',Null,'2021-08-20');
INSERT INTO BORROWING (borrowingID,physicalID,userID,DoB,DoR,DoE) VALUES (48261,8831953,2926,'2021-10-01','2021-10-02','2021-10-08');
INSERT INTO BORROWING (borrowingID,physicalID,userID,DoB,DoR,DoE) VALUES (47974,7844342,734,'2021-01-16',Null,'2021-01-23');
INSERT INTO BORROWING (borrowingID,physicalID,userID,DoB,DoR,DoE) VALUES (15506,2848313,2683,'2021-01-07','2021-01-08','2021-01-14');
INSERT INTO BORROWING (borrowingID,physicalID,userID,DoB,DoR,DoE) VALUES (31596,1301332,4201,'2021-01-20',Null,'2021-01-27');
INSERT INTO BORROWING (borrowingID,physicalID,userID,DoB,DoR,DoE) VALUES (10058,8509871,1081,'2021-09-09','2021-09-10','2021-09-16');
INSERT INTO BORROWING (borrowingID,physicalID,userID,DoB,DoR,DoE) VALUES (34073,5939029,3157,'2021-07-21',Null,'2021-07-28');
INSERT INTO BORROWING (borrowingID,physicalID,userID,DoB,DoR,DoE) VALUES (27045,8814916,4751,'2021-10-08','2021-10-16','2021-10-15');
INSERT INTO BORROWING (borrowingID,physicalID,userID,DoB,DoR,DoE) VALUES (16865,4111632,51,'2021-09-23',Null,'2021-09-30');
INSERT INTO BORROWING (borrowingID,physicalID,userID,DoB,DoR,DoE) VALUES (37380,8303961,2560,'2021-01-21','2021-01-31','2021-01-28');
INSERT INTO BORROWING (borrowingID,physicalID,userID,DoB,DoR,DoE) VALUES (12018,9128556,4877,'2021-06-15',Null,'2021-06-22');
INSERT INTO BORROWING (borrowingID,physicalID,userID,DoB,DoR,DoE) VALUES (32186,7404023,4380,'2021-01-22','2021-02-01','2021-01-29');
INSERT INTO BORROWING (borrowingID,physicalID,userID,DoB,DoR,DoE) VALUES (43029,9142329,4818,'2021-08-27',Null,'2021-09-03');
INSERT INTO BORROWING (borrowingID,physicalID,userID,DoB,DoR,DoE) VALUES (20289,7802442,1523,'2021-10-02','2021-10-12','2021-10-09');
INSERT INTO BORROWING (borrowingID,physicalID,userID,DoB,DoR,DoE) VALUES (27538,5029466,3967,'2021-04-17',Null,'2021-04-24');
INSERT INTO BORROWING (borrowingID,physicalID,userID,DoB,DoR,DoE) VALUES (34963,5073340,4588,'2021-04-27','2021-05-06','2021-05-04');
INSERT INTO BORROWING (borrowingID,physicalID,userID,DoB,DoR,DoE) VALUES (33612,8831953,4859,'2021-02-09',Null,'2021-02-16');
INSERT INTO BORROWING (borrowingID,physicalID,userID,DoB,DoR,DoE) VALUES (31165,1221428,910,'2021-05-05','2021-05-16','2021-05-12');
INSERT INTO BORROWING (borrowingID,physicalID,userID,DoB,DoR,DoE) VALUES (42792,5396089,1874,'2021-07-21',Null,'2021-07-28');
INSERT INTO BORROWING (borrowingID,physicalID,userID,DoB,DoR,DoE) VALUES (35340,1445828,4940,'2021-09-10','2021-09-13','2021-09-17');
INSERT INTO BORROWING (borrowingID,physicalID,userID,DoB,DoR,DoE) VALUES (38721,4076579,2897,'2021-05-15',Null,'2021-05-22');
INSERT INTO BORROWING (borrowingID,physicalID,userID,DoB,DoR,DoE) VALUES (18823,7247184,3251,'2021-09-13','2021-09-18','2021-09-20');
INSERT INTO BORROWING (borrowingID,physicalID,userID,DoB,DoR,DoE) VALUES (47522,9898648,806,'2021-06-25',Null,'2021-07-02');
INSERT INTO BORROWING (borrowingID,physicalID,userID,DoB,DoR,DoE) VALUES (42594,7225557,2439,'2021-10-09','2021-10-17','2021-10-16');
INSERT INTO BORROWING (borrowingID,physicalID,userID,DoB,DoR,DoE) VALUES (47048,7343662,459,'2021-08-03',Null,'2021-08-10');
INSERT INTO BORROWING (borrowingID,physicalID,userID,DoB,DoR,DoE) VALUES (41745,5368641,1821,'2021-06-28','2021-06-28','2021-07-05');
INSERT INTO BORROWING (borrowingID,physicalID,userID,DoB,DoR,DoE) VALUES (38793,9421014,2091,'2021-04-28',Null,'2021-05-05');
INSERT INTO BORROWING (borrowingID,physicalID,userID,DoB,DoR,DoE) VALUES (26994,8224916,271,'2021-02-24','2021-03-05','2021-03-03');
INSERT INTO BORROWING (borrowingID,physicalID,userID,DoB,DoR,DoE) VALUES (22213,2496222,2922,'2021-03-12',Null,'2021-03-19');
INSERT INTO BORROWING (borrowingID,physicalID,userID,DoB,DoR,DoE) VALUES (21987,7527707,1515,'2021-10-13','2021-10-22','2021-10-20');
INSERT INTO BORROWING (borrowingID,physicalID,userID,DoB,DoR,DoE) VALUES (17219,2071602,1558,'2021-01-31',Null,'2021-02-07');
INSERT INTO BORROWING (borrowingID,physicalID,userID,DoB,DoR,DoE) VALUES (21217,6795208,1075,'2021-07-22','2021-07-29','2021-07-29');
INSERT INTO BORROWING (borrowingID,physicalID,userID,DoB,DoR,DoE) VALUES (14687,6109452,1749,'2021-10-30',Null,'2021-11-06');
INSERT INTO BORROWING (borrowingID,physicalID,userID,DoB,DoR,DoE) VALUES (28396,8765050,2905,'2021-02-12','2021-02-23','2021-02-19');
INSERT INTO BORROWING (borrowingID,physicalID,userID,DoB,DoR,DoE) VALUES (42171,4622268,4773,'2021-03-20',Null,'2021-03-27');
INSERT INTO BORROWING (borrowingID,physicalID,userID,DoB,DoR,DoE) VALUES (39824,6784454,2996,'2021-03-09','2021-03-19','2021-03-16');
INSERT INTO BORROWING (borrowingID,physicalID,userID,DoB,DoR,DoE) VALUES (34577,6725114,3667,'2021-02-21',Null,'2021-02-28');
INSERT INTO BORROWING (borrowingID,physicalID,userID,DoB,DoR,DoE) VALUES (43481,4936881,4159,'2021-02-01','2021-02-08','2021-02-08');
INSERT INTO BORROWING (borrowingID,physicalID,userID,DoB,DoR,DoE) VALUES (40195,8604167,353,'2021-01-20',Null,'2021-01-27');
INSERT INTO BORROWING (borrowingID,physicalID,userID,DoB,DoR,DoE) VALUES (36579,2543532,4448,'2021-07-08','2021-07-15','2021-07-15');

INSERT INTO BORROWING (borrowingID,physicalID,userID,DoB,DoR,DoE) VALUES (24847,9801920,2600,'2021-09-27','2021-10-07','2021-10-04');
INSERT INTO BORROWING (borrowingID,physicalID,userID,DoB,DoR,DoE) VALUES (31884,9398215,1480,'2021-02-22',Null,'2021-03-01');
INSERT INTO BORROWING (borrowingID,physicalID,userID,DoB,DoR,DoE) VALUES (39695,3615567,3531,'2021-01-09','2021-01-15','2021-01-16');
INSERT INTO BORROWING (borrowingID,physicalID,userID,DoB,DoR,DoE) VALUES (14717,8011375,1480,'2021-03-17',Null,'2021-03-24');
INSERT INTO BORROWING (borrowingID,physicalID,userID,DoB,DoR,DoE) VALUES (32246,1221339,4405,'2021-10-25','2021-11-02','2021-11-01');
INSERT INTO BORROWING (borrowingID,physicalID,userID,DoB,DoR,DoE) VALUES (42609,1877784,861,'2021-05-25',Null,'2021-06-01');
INSERT INTO BORROWING (borrowingID,physicalID,userID,DoB,DoR,DoE) VALUES (15675,5039038,1821,'2021-03-14','2021-03-20','2021-03-21');
INSERT INTO BORROWING (borrowingID,physicalID,userID,DoB,DoR,DoE) VALUES (17428,1056415,1335,'2021-06-14',Null,'2021-06-21');
INSERT INTO BORROWING (borrowingID,physicalID,userID,DoB,DoR,DoE) VALUES (35671,3139281,815,'2021-09-03','2021-09-09','2021-09-10');
INSERT INTO BORROWING (borrowingID,physicalID,userID,DoB,DoR,DoE) VALUES (40834,7960773,1019,'2021-05-14',Null,'2021-05-21');
INSERT INTO BORROWING (borrowingID,physicalID,userID,DoB,DoR,DoE) VALUES (12170,1016401,1546,'2021-09-03','2021-09-13','2021-09-10');
INSERT INTO BORROWING (borrowingID,physicalID,userID,DoB,DoR,DoE) VALUES (19929,9497131,964,'2021-03-19',Null,'2021-03-26');
INSERT INTO BORROWING (borrowingID,physicalID,userID,DoB,DoR,DoE) VALUES (16493,4100672,1048,'2021-08-14','2021-08-25','2021-08-21');
INSERT INTO BORROWING (borrowingID,physicalID,userID,DoB,DoR,DoE) VALUES (11574,3430869,2424,'2021-01-20',Null,'2021-01-27');
INSERT INTO BORROWING (borrowingID,physicalID,userID,DoB,DoR,DoE) VALUES (15876,1164053,3687,'2021-09-12','2021-09-15','2021-09-19');
INSERT INTO BORROWING (borrowingID,physicalID,userID,DoB,DoR,DoE) VALUES (48401,5106164,2891,'2021-02-19',Null,'2021-02-26');
INSERT INTO BORROWING (borrowingID,physicalID,userID,DoB,DoR,DoE) VALUES (22784,6045036,632,'2021-08-30','2021-09-08','2021-09-06');
INSERT INTO BORROWING (borrowingID,physicalID,userID,DoB,DoR,DoE) VALUES (24147,6194768,2654,'2021-03-24',Null,'2021-03-31');

INSERT INTO BORROWING (borrowingID,physicalID,userID,DoB,DoR,DoE) VALUES (46674,5813251,1233,'2021-07-10',Null,'2021-07-17');
INSERT INTO BORROWING (borrowingID,physicalID,userID,DoB,DoR,DoE) VALUES (16938,7844342,572,'2021-09-16','2021-09-19','2021-09-23');
INSERT INTO BORROWING (borrowingID,physicalID,userID,DoB,DoR,DoE) VALUES (24619,8163177,3871,'2021-07-04',Null,'2021-07-11');
INSERT INTO BORROWING (borrowingID,physicalID,userID,DoB,DoR,DoE) VALUES (10494,9062419,2107,'2021-03-11','2021-03-15','2021-03-18');
INSERT INTO BORROWING (borrowingID,physicalID,userID,DoB,DoR,DoE) VALUES (48598,8262884,2328,'2021-03-01',Null,'2021-03-08');
INSERT INTO BORROWING (borrowingID,physicalID,userID,DoB,DoR,DoE) VALUES (13237,1301332,1898,'2021-09-14','2021-09-19','2021-09-21');
INSERT INTO BORROWING (borrowingID,physicalID,userID,DoB,DoR,DoE) VALUES (11875,7671956,1267,'2021-09-28',Null,'2021-10-05');
INSERT INTO BORROWING (borrowingID,physicalID,userID,DoB,DoR,DoE) VALUES (23762,3404911,0,'2021-03-05','2021-03-15','2021-03-12');
INSERT INTO BORROWING (borrowingID,physicalID,userID,DoB,DoR,DoE) VALUES (39781,8817172,1860,'2021-06-17',Null,'2021-06-24');
INSERT INTO BORROWING (borrowingID,physicalID,userID,DoB,DoR,DoE) VALUES (41898,5939029,4771,'2021-05-03','2021-05-12','2021-05-10');
INSERT INTO BORROWING (borrowingID,physicalID,userID,DoB,DoR,DoE) VALUES (28264,7507897,4804,'2021-06-03',Null,'2021-06-10');
INSERT INTO BORROWING (borrowingID,physicalID,userID,DoB,DoR,DoE) VALUES (47441,6534462,3114,'2021-01-28','2021-02-07','2021-02-04');
INSERT INTO BORROWING (borrowingID,physicalID,userID,DoB,DoR,DoE) VALUES (44994,3894780,3199,'2021-10-10',Null,'2021-10-17');
INSERT INTO BORROWING (borrowingID,physicalID,userID,DoB,DoR,DoE) VALUES (17441,4111632,3318,'2021-05-02','2021-05-05','2021-05-09');
INSERT INTO BORROWING (borrowingID,physicalID,userID,DoB,DoR,DoE) VALUES (21922,1981714,3240,'2021-07-04',Null,'2021-07-11');
INSERT INTO BORROWING (borrowingID,physicalID,userID,DoB,DoR,DoE) VALUES (35161,8403778,4890,'2021-09-02','2021-09-04','2021-09-09');
INSERT INTO BORROWING (borrowingID,physicalID,userID,DoB,DoR,DoE) VALUES (49819,1183755,4201,'2021-10-11',Null,'2021-10-18');
INSERT INTO BORROWING (borrowingID,physicalID,userID,DoB,DoR,DoE) VALUES (44204,9128556,3462,'2021-08-08','2021-08-14','2021-08-15');
INSERT INTO BORROWING (borrowingID,physicalID,userID,DoB,DoR,DoE) VALUES (31591,3683318,2886,'2021-01-28',Null,'2021-02-04');
INSERT INTO BORROWING (borrowingID,physicalID,userID,DoB,DoR,DoE) VALUES (30354,3427578,2654,'2021-01-01','2021-01-10','2021-01-08');
INSERT INTO BORROWING (borrowingID,physicalID,userID,DoB,DoR,DoE) VALUES (16129,8594697,1293,'2021-10-12',Null,'2021-10-19');
INSERT INTO BORROWING (borrowingID,physicalID,userID,DoB,DoR,DoE) VALUES (43323,9142329,196,'2021-05-30','2021-06-06','2021-06-06');
INSERT INTO BORROWING (borrowingID,physicalID,userID,DoB,DoR,DoE) VALUES (11885,3639978,4328,'2021-01-21',Null,'2021-01-28');
INSERT INTO BORROWING (borrowingID,physicalID,userID,DoB,DoR,DoE) VALUES (32081,1422604,3426,'2021-04-11','2021-04-19','2021-04-18');
INSERT INTO BORROWING (borrowingID,physicalID,userID,DoB,DoR,DoE) VALUES (12668,6853085,3989,'2021-09-23',Null,'2021-09-30');
INSERT INTO BORROWING (borrowingID,physicalID,userID,DoB,DoR,DoE) VALUES (49640,5029466,3906,'2021-03-29','2021-04-05','2021-04-05');
INSERT INTO BORROWING (borrowingID,physicalID,userID,DoB,DoR,DoE) VALUES (17034,1013505,3057,'2021-08-17',Null,'2021-08-24');
INSERT INTO BORROWING (borrowingID,physicalID,userID,DoB,DoR,DoE) VALUES (13231,9018150,3843,'2021-08-22','2021-08-26','2021-08-29');
INSERT INTO BORROWING (borrowingID,physicalID,userID,DoB,DoR,DoE) VALUES (17170,5331293,3852,'2021-08-30',Null,'2021-09-06');
INSERT INTO BORROWING (borrowingID,physicalID,userID,DoB,DoR,DoE) VALUES (46977,8152726,2498,'2021-05-23','2021-05-25','2021-05-30');
INSERT INTO BORROWING (borrowingID,physicalID,userID,DoB,DoR,DoE) VALUES (39490,1164053,1558,'2021-10-01',Null,'2021-10-08');
INSERT INTO BORROWING (borrowingID,physicalID,userID,DoB,DoR,DoE) VALUES (31505,5396089,1865,'2021-04-11','2021-04-21','2021-04-18');
INSERT INTO BORROWING (borrowingID,physicalID,userID,DoB,DoR,DoE) VALUES (48135,8544630,1799,'2021-10-19',Null,'2021-10-26');
INSERT INTO BORROWING (borrowingID,physicalID,userID,DoB,DoR,DoE) VALUES (29589,2856298,2717,'2021-03-10','2021-03-18','2021-03-17');
INSERT INTO BORROWING (borrowingID,physicalID,userID,DoB,DoR,DoE) VALUES (22169,3888287,3531,'2021-05-12',Null,'2021-05-19');

INSERT INTO BORROWING (borrowingID,physicalID,userID,DoB,DoR,DoE) VALUES (46492,2845775,2225,'2021-05-29',Null,'2021-06-05');
INSERT INTO BORROWING (borrowingID,physicalID,userID,DoB,DoR,DoE) VALUES (34816,5624909,1900,'2021-07-19','2021-07-24','2021-07-26');

INSERT INTO BORROWING (borrowingID,physicalID,userID,DoB,DoR,DoE) VALUES (14893,9898648,4698,'2021-09-22','2021-10-01','2021-09-29');
INSERT INTO BORROWING (borrowingID,physicalID,userID,DoB,DoR,DoE) VALUES (24818,3933922,2574,'2021-06-09',Null,'2021-06-16');
INSERT INTO BORROWING (borrowingID,physicalID,userID,DoB,DoR,DoE) VALUES (16819,8879837,2098,'2021-01-13','2021-01-19','2021-01-20');
INSERT INTO BORROWING (borrowingID,physicalID,userID,DoB,DoR,DoE) VALUES (17573,6693916,4609,'2021-01-25',Null,'2021-02-01');
INSERT INTO BORROWING (borrowingID,physicalID,userID,DoB,DoR,DoE) VALUES (38988,7343662,1024,'2021-04-22','2021-05-03','2021-04-29');
INSERT INTO BORROWING (borrowingID,physicalID,userID,DoB,DoR,DoE) VALUES (28263,4885647,2720,'2021-10-10',Null,'2021-10-17');
INSERT INTO BORROWING (borrowingID,physicalID,userID,DoB,DoR,DoE) VALUES (17007,4297493,2768,'2021-07-08','2021-07-11','2021-07-15');
INSERT INTO BORROWING (borrowingID,physicalID,userID,DoB,DoR,DoE) VALUES (23344,5401692,4122,'2021-01-11',Null,'2021-01-18');
INSERT INTO BORROWING (borrowingID,physicalID,userID,DoB,DoR,DoE) VALUES (33143,9421014,2610,'2021-09-14','2021-09-25','2021-09-21');
INSERT INTO BORROWING (borrowingID,physicalID,userID,DoB,DoR,DoE) VALUES (45753,6230799,3258,'2021-06-13',Null,'2021-06-20');
INSERT INTO BORROWING (borrowingID,physicalID,userID,DoB,DoR,DoE) VALUES (26703,4312309,4476,'2021-06-05','2021-06-11','2021-06-12');
INSERT INTO BORROWING (borrowingID,physicalID,userID,DoB,DoR,DoE) VALUES (38612,7236996,3753,'2021-03-28',Null,'2021-04-04');
INSERT INTO BORROWING (borrowingID,physicalID,userID,DoB,DoR,DoE) VALUES (36762,2496222,890,'2021-04-09','2021-04-11','2021-04-16');
INSERT INTO BORROWING (borrowingID,physicalID,userID,DoB,DoR,DoE) VALUES (46563,9426332,310,'2021-03-18',Null,'2021-03-25');
INSERT INTO BORROWING (borrowingID,physicalID,userID,DoB,DoR,DoE) VALUES (16457,8295514,4650,'2021-01-02','2021-01-13','2021-01-09');
INSERT INTO BORROWING (borrowingID,physicalID,userID,DoB,DoR,DoE) VALUES (40680,4643920,2913,'2021-02-20',Null,'2021-02-27');
INSERT INTO BORROWING (borrowingID,physicalID,userID,DoB,DoR,DoE) VALUES (17789,2071602,170,'2021-08-14','2021-08-25','2021-08-21');
INSERT INTO BORROWING (borrowingID,physicalID,userID,DoB,DoR,DoE) VALUES (36369,6554059,659,'2021-07-03',Null,'2021-07-10');
INSERT INTO BORROWING (borrowingID,physicalID,userID,DoB,DoR,DoE) VALUES (26439,9374695,496,'2021-01-26','2021-01-27','2021-02-02');
INSERT INTO BORROWING (borrowingID,physicalID,userID,DoB,DoR,DoE) VALUES (24320,6846553,4934,'2021-08-22',Null,'2021-08-29');
INSERT INTO BORROWING (borrowingID,physicalID,userID,DoB,DoR,DoE) VALUES (41786,6109452,1471,'2021-10-02','2021-10-12','2021-10-09');

INSERT INTO BORROWING (borrowingID,physicalID,userID,DoB,DoR,DoE) VALUES (28586,8872168,4624,'2021-09-17','2021-09-18','2021-09-24');
INSERT INTO BORROWING (borrowingID,physicalID,userID,DoB,DoR,DoE) VALUES (32274,6343603,4159,'2021-04-28',Null,'2021-05-05');
INSERT INTO BORROWING (borrowingID,physicalID,userID,DoB,DoR,DoE) VALUES (30470,4622268,1620,'2021-08-21','2021-08-21','2021-08-28');
INSERT INTO BORROWING (borrowingID,physicalID,userID,DoB,DoR,DoE) VALUES (40240,3625705,1547,'2021-02-16',Null,'2021-02-23');
INSERT INTO BORROWING (borrowingID,physicalID,userID,DoB,DoR,DoE) VALUES (22996,8242047,277,'2021-03-25','2021-04-02','2021-04-01');
INSERT INTO BORROWING (borrowingID,physicalID,userID,DoB,DoR,DoE) VALUES (49912,2245947,2926,'2021-02-01',Null,'2021-02-08');
INSERT INTO BORROWING (borrowingID,physicalID,userID,DoB,DoR,DoE) VALUES (37410,6725114,3911,'2021-10-19','2021-10-23','2021-10-26');
INSERT INTO BORROWING (borrowingID,physicalID,userID,DoB,DoR,DoE) VALUES (42728,8996304,572,'2021-03-01',Null,'2021-03-08');
INSERT INTO BORROWING (borrowingID,physicalID,userID,DoB,DoR,DoE) VALUES (48695,6425786,950,'2021-01-02','2021-01-10','2021-01-09');
INSERT INTO BORROWING (borrowingID,physicalID,userID,DoB,DoR,DoE) VALUES (21151,5968487,1272,'2021-07-21',Null,'2021-07-28');
INSERT INTO BORROWING (borrowingID,physicalID,userID,DoB,DoR,DoE) VALUES (39910,8604167,4471,'2021-04-11','2021-04-22','2021-04-18');
INSERT INTO BORROWING (borrowingID,physicalID,userID,DoB,DoR,DoE) VALUES (41968,7432942,304,'2021-04-15',Null,'2021-04-22');
INSERT INTO BORROWING (borrowingID,physicalID,userID,DoB,DoR,DoE) VALUES (21541,8594697,4416,'2021-02-28','2021-03-04','2021-03-07');
INSERT INTO BORROWING (borrowingID,physicalID,userID,DoB,DoR,DoE) VALUES (31037,6752399,3927,'2021-05-30',Null,'2021-06-06');
INSERT INTO BORROWING (borrowingID,physicalID,userID,DoB,DoR,DoE) VALUES (19616,7701924,523,'2021-02-12','2021-02-15','2021-02-19');
INSERT INTO BORROWING (borrowingID,physicalID,userID,DoB,DoR,DoE) VALUES (47619,9993488,910,'2021-02-20',Null,'2021-02-27');
INSERT INTO BORROWING (borrowingID,physicalID,userID,DoB,DoR,DoE) VALUES (15941,2069122,2388,'2021-02-28','2021-03-09','2021-03-07');
INSERT INTO BORROWING (borrowingID,physicalID,userID,DoB,DoR,DoE) VALUES (18141,1570916,3753,'2021-08-21',Null,'2021-08-28');
INSERT INTO BORROWING (borrowingID,physicalID,userID,DoB,DoR,DoE) VALUES (28230,9398215,164,'2021-05-26','2021-05-29','2021-06-02');


INSERT INTO BORROWING (borrowingID,physicalID,userID,DoB,DoR,DoE) VALUES (29879,7962239,2107,'2021-03-09',Null,'2021-03-16');
INSERT INTO BORROWING (borrowingID,physicalID,userID,DoB,DoR,DoE) VALUES (19187,8011375,2341,'2021-08-19','2021-08-24','2021-08-26');
INSERT INTO BORROWING (borrowingID,physicalID,userID,DoB,DoR,DoE) VALUES (16132,4791981,2622,'2021-04-30',Null,'2021-05-07');
INSERT INTO BORROWING (borrowingID,physicalID,userID,DoB,DoR,DoE) VALUES (32147,1475079,129,'2021-09-06','2021-09-11','2021-09-13');
INSERT INTO BORROWING (borrowingID,physicalID,userID,DoB,DoR,DoE) VALUES (10054,7716966,2091,'2021-03-06',Null,'2021-03-13');
INSERT INTO BORROWING (borrowingID,physicalID,userID,DoB,DoR,DoE) VALUES (22420,1877784,1147,'2021-04-07','2021-04-09','2021-04-14');
INSERT INTO BORROWING (borrowingID,physicalID,userID,DoB,DoR,DoE) VALUES (31660,8282461,4619,'2021-08-18',Null,'2021-08-25');
INSERT INTO BORROWING (borrowingID,physicalID,userID,DoB,DoR,DoE) VALUES (29734,7369001,4458,'2021-05-10','2021-05-18','2021-05-17');
INSERT INTO BORROWING (borrowingID,physicalID,userID,DoB,DoR,DoE) VALUES (19261,4563854,343,'2021-09-28',Null,'2021-10-05');
INSERT INTO BORROWING (borrowingID,physicalID,userID,DoB,DoR,DoE) VALUES (29245,1056415,2683,'2021-10-23','2021-10-24','2021-10-30');
INSERT INTO BORROWING (borrowingID,physicalID,userID,DoB,DoR,DoE) VALUES (49852,2637521,237,'2021-10-18',Null,'2021-10-25');
INSERT INTO BORROWING (borrowingID,physicalID,userID,DoB,DoR,DoE) VALUES (14331,2707503,2439,'2021-10-27','2021-10-28','2021-11-03');
INSERT INTO BORROWING (borrowingID,physicalID,userID,DoB,DoR,DoE) VALUES (31546,3579884,4190,'2021-09-24',Null,'2021-10-01');
INSERT INTO BORROWING (borrowingID,physicalID,userID,DoB,DoR,DoE) VALUES (47561,7960773,4726,'2021-02-06','2021-02-12','2021-02-13');
INSERT INTO BORROWING (borrowingID,physicalID,userID,DoB,DoR,DoE) VALUES (29482,4624682,2654,'2021-07-12',Null,'2021-07-19');
INSERT INTO BORROWING (borrowingID,physicalID,userID,DoB,DoR,DoE) VALUES (11831,4393915,4779,'2021-09-29','2021-09-29','2021-10-06');
INSERT INTO BORROWING (borrowingID,physicalID,userID,DoB,DoR,DoE) VALUES (30208,4991352,3723,'2021-07-16',Null,'2021-07-23');
INSERT INTO BORROWING (borrowingID,physicalID,userID,DoB,DoR,DoE) VALUES (26599,9497131,1769,'2021-04-09','2021-04-15','2021-04-16');
INSERT INTO BORROWING (borrowingID,physicalID,userID,DoB,DoR,DoE) VALUES (19307,2066319,2341,'2021-10-14',Null,'2021-10-21');
INSERT INTO BORROWING (borrowingID,physicalID,userID,DoB,DoR,DoE) VALUES (28912,8909279,1308,'2021-04-03','2021-04-14','2021-04-10');
INSERT INTO BORROWING (borrowingID,physicalID,userID,DoB,DoR,DoE) VALUES (26952,1278410,2669,'2021-01-15',Null,'2021-01-22');
INSERT INTO BORROWING (borrowingID,physicalID,userID,DoB,DoR,DoE) VALUES (30340,3430869,4122,'2021-05-15','2021-05-18','2021-05-22');
INSERT INTO BORROWING (borrowingID,physicalID,userID,DoB,DoR,DoE) VALUES (18508,1570715,2043,'2021-04-01',Null,'2021-04-08');
INSERT INTO BORROWING (borrowingID,physicalID,userID,DoB,DoR,DoE) VALUES (22584,2633479,1559,'2021-07-11','2021-07-18','2021-07-18');
INSERT INTO BORROWING (borrowingID,physicalID,userID,DoB,DoR,DoE) VALUES (11711,5196936,4258,'2021-04-17',Null,'2021-04-24');
INSERT INTO BORROWING (borrowingID,physicalID,userID,DoB,DoR,DoE) VALUES (10273,5106164,3396,'2021-10-29','2021-11-01','2021-11-05');
INSERT INTO BORROWING (borrowingID,physicalID,userID,DoB,DoR,DoE) VALUES (11762,7455636,1023,'2021-10-14',Null,'2021-10-21');
INSERT INTO BORROWING (borrowingID,physicalID,userID,DoB,DoR,DoE) VALUES (36563,4770781,2849,'2021-05-28','2021-05-28','2021-06-04');
INSERT INTO BORROWING (borrowingID,physicalID,userID,DoB,DoR,DoE) VALUES (32793,3340930,703,'2021-10-23',Null,'2021-10-30');
INSERT INTO BORROWING (borrowingID,physicalID,userID,DoB,DoR,DoE) VALUES (14651,6194768,1874,'2021-03-18','2021-03-27','2021-03-25');
INSERT INTO BORROWING (borrowingID,physicalID,userID,DoB,DoR,DoE) VALUES (30712,4936786,3749,'2021-06-03',Null,'2021-06-10');
INSERT INTO BORROWING (borrowingID,physicalID,userID,DoB,DoR,DoE) VALUES (29096,7509326,1514,'2021-09-13','2021-09-14','2021-09-20');
INSERT INTO BORROWING (borrowingID,physicalID,userID,DoB,DoR,DoE) VALUES (38835,2757377,1333,'2021-08-26',Null,'2021-09-02');
INSERT INTO BORROWING (borrowingID,physicalID,userID,DoB,DoR,DoE) VALUES (35900,5813251,1865,'2021-06-13','2021-06-20','2021-06-20');
INSERT INTO BORROWING (borrowingID,physicalID,userID,DoB,DoR,DoE) VALUES (26317,8034005,196,'2021-01-20',Null,'2021-01-27');
INSERT INTO BORROWING (borrowingID,physicalID,userID,DoB,DoR,DoE) VALUES (16175,8887863,175,'2021-10-11','2021-10-15','2021-10-18');
INSERT INTO BORROWING (borrowingID,physicalID,userID,DoB,DoR,DoE) VALUES (16272,6614542,4788,'2021-06-15',Null,'2021-06-22');
INSERT INTO BORROWING (borrowingID,physicalID,userID,DoB,DoR,DoE) VALUES (38107,8163177,3531,'2021-04-14','2021-04-15','2021-04-21');
INSERT INTO BORROWING (borrowingID,physicalID,userID,DoB,DoR,DoE) VALUES (41229,1579017,3134,'2021-09-20',Null,'2021-09-27');
INSERT INTO BORROWING (borrowingID,physicalID,userID,DoB,DoR,DoE) VALUES (13717,7533921,1471,'2021-05-17','2021-05-21','2021-05-24');
INSERT INTO BORROWING (borrowingID,physicalID,userID,DoB,DoR,DoE) VALUES (45071,4440102,364,'2021-09-01',Null,'2021-09-08');
INSERT INTO BORROWING (borrowingID,physicalID,userID,DoB,DoR,DoE) VALUES (21648,8262884,151,'2021-05-17','2021-05-26','2021-05-24');
INSERT INTO BORROWING (borrowingID,physicalID,userID,DoB,DoR,DoE) VALUES (49776,4791292,0,'2021-03-10',Null,'2021-03-17');
INSERT INTO BORROWING (borrowingID,physicalID,userID,DoB,DoR,DoE) VALUES (36605,8371629,3015,'2021-05-17','2021-05-25','2021-05-24');
INSERT INTO BORROWING (borrowingID,physicalID,userID,DoB,DoR,DoE) VALUES (23085,5488260,1480,'2021-02-06',Null,'2021-02-13');
INSERT INTO BORROWING (borrowingID,physicalID,userID,DoB,DoR,DoE) VALUES (12367,7671956,1621,'2021-09-06','2021-09-13','2021-09-13');

INSERT INTO BORROWING (borrowingID,physicalID,userID,DoB,DoR,DoE) VALUES (43530,1240580,1605,'2021-07-02','2021-07-10','2021-07-09');
INSERT INTO BORROWING (borrowingID,physicalID,userID,DoB,DoR,DoE) VALUES (41485,3080512,2720,'2021-08-26',Null,'2021-09-02');
INSERT INTO BORROWING (borrowingID,physicalID,userID,DoB,DoR,DoE) VALUES (21789,8817172,913,'2021-10-10','2021-10-14','2021-10-17');
INSERT INTO BORROWING (borrowingID,physicalID,userID,DoB,DoR,DoE) VALUES (39461,3724741,2926,'2021-02-09',Null,'2021-02-16');
INSERT INTO BORROWING (borrowingID,physicalID,userID,DoB,DoR,DoE) VALUES (23683,8396843,1272,'2021-05-16','2021-05-18','2021-05-23');
INSERT INTO BORROWING (borrowingID,physicalID,userID,DoB,DoR,DoE) VALUES (32206,6783502,3598,'2021-02-08',Null,'2021-02-15');
INSERT INTO BORROWING (borrowingID,physicalID,userID,DoB,DoR,DoE) VALUES (19060,7507897,3839,'2021-06-28','2021-06-28','2021-07-05');
INSERT INTO BORROWING (borrowingID,physicalID,userID,DoB,DoR,DoE) VALUES (43021,3933314,325,'2021-10-04',Null,'2021-10-11');
INSERT INTO BORROWING (borrowingID,physicalID,userID,DoB,DoR,DoE) VALUES (41709,8042556,237,'2021-03-29','2021-04-07','2021-04-05');
INSERT INTO BORROWING (borrowingID,physicalID,userID,DoB,DoR,DoE) VALUES (44822,7329519,1298,'2021-10-20',Null,'2021-10-27');
INSERT INTO BORROWING (borrowingID,physicalID,userID,DoB,DoR,DoE) VALUES (26311,3894780,3199,'2021-10-30','2021-11-03','2021-11-06');
INSERT INTO BORROWING (borrowingID,physicalID,userID,DoB,DoR,DoE) VALUES (46663,6271040,2043,'2021-03-22',Null,'2021-03-29');
INSERT INTO BORROWING (borrowingID,physicalID,userID,DoB,DoR,DoE) VALUES (23331,1916285,4845,'2021-09-13','2021-09-18','2021-09-20');
INSERT INTO BORROWING (borrowingID,physicalID,userID,DoB,DoR,DoE) VALUES (19807,9304796,1298,'2021-05-30',Null,'2021-06-06');
INSERT INTO BORROWING (borrowingID,physicalID,userID,DoB,DoR,DoE) VALUES (27972,1981714,1586,'2021-10-15','2021-10-25','2021-10-22');
INSERT INTO BORROWING (borrowingID,physicalID,userID,DoB,DoR,DoE) VALUES (24795,4693937,3071,'2021-06-18',Null,'2021-06-25');
INSERT INTO BORROWING (borrowingID,physicalID,userID,DoB,DoR,DoE) VALUES (16527,9147778,2717,'2021-01-05','2021-01-08','2021-01-12');
INSERT INTO BORROWING (borrowingID,physicalID,userID,DoB,DoR,DoE) VALUES (44152,3452872,4788,'2021-05-08',Null,'2021-05-15');
INSERT INTO BORROWING (borrowingID,physicalID,userID,DoB,DoR,DoE) VALUES (48525,1183755,1494,'2021-03-22','2021-03-28','2021-03-29');
INSERT INTO BORROWING (borrowingID,physicalID,userID,DoB,DoR,DoE) VALUES (28228,3473187,2388,'2021-09-08',Null,'2021-09-15');

INSERT INTO BORROWING (borrowingID,physicalID,userID,DoB,DoR,DoE) VALUES (23221,1937221,2770,'2021-03-27',Null,'2021-04-03');
INSERT INTO BORROWING (borrowingID,physicalID,userID,DoB,DoR,DoE) VALUES (49269,3683318,3396,'2021-04-01','2021-04-11','2021-04-08');
INSERT INTO BORROWING (borrowingID,physicalID,userID,DoB,DoR,DoE) VALUES (46565,8972958,2466,'2021-10-04',Null,'2021-10-11');
INSERT INTO BORROWING (borrowingID,physicalID,userID,DoB,DoR,DoE) VALUES (28266,1302199,2629,'2021-04-17','2021-04-27','2021-04-24');
INSERT INTO BORROWING (borrowingID,physicalID,userID,DoB,DoR,DoE) VALUES (23027,3114557,572,'2021-02-24',Null,'2021-03-03');
INSERT INTO BORROWING (borrowingID,physicalID,userID,DoB,DoR,DoE) VALUES (17635,7644345,3911,'2021-03-31','2021-04-04','2021-04-07');
INSERT INTO BORROWING (borrowingID,physicalID,userID,DoB,DoR,DoE) VALUES (13551,2836274,3531,'2021-02-15',Null,'2021-02-22');
INSERT INTO BORROWING (borrowingID,physicalID,userID,DoB,DoR,DoE) VALUES (40225,3639978,3094,'2021-10-25','2021-11-05','2021-11-01');
INSERT INTO BORROWING (borrowingID,physicalID,userID,DoB,DoR,DoE) VALUES (17498,5491159,4573,'2021-04-08',Null,'2021-04-15');
INSERT INTO BORROWING (borrowingID,physicalID,userID,DoB,DoR,DoE) VALUES (25665,1277675,1299,'2021-04-11','2021-04-20','2021-04-18');
INSERT INTO BORROWING (borrowingID,physicalID,userID,DoB,DoR,DoE) VALUES (39170,7877930,2629,'2021-06-12',Null,'2021-06-19');
INSERT INTO BORROWING (borrowingID,physicalID,userID,DoB,DoR,DoE) VALUES (23737,6853085,4586,'2021-01-11','2021-01-14','2021-01-18');
INSERT INTO BORROWING (borrowingID,physicalID,userID,DoB,DoR,DoE) VALUES (45349,6721972,4384,'2021-07-24',Null,'2021-07-31');
INSERT INTO BORROWING (borrowingID,physicalID,userID,DoB,DoR,DoE) VALUES (40538,1416956,2654,'2021-02-28','2021-03-09','2021-03-07');

INSERT INTO BORROWING (borrowingID,physicalID,userID,DoB,DoR,DoE) VALUES (33170,1013505,913,'2021-04-05','2021-04-05','2021-04-12');
INSERT INTO BORROWING (borrowingID,physicalID,userID,DoB,DoR,DoE) VALUES (47567,2173048,4698,'2021-06-29',Null,'2021-07-06');
INSERT INTO BORROWING (borrowingID,physicalID,userID,DoB,DoR,DoE) VALUES (47894,4039044,2688,'2021-03-17','2021-03-27','2021-03-24');
INSERT INTO BORROWING (borrowingID,physicalID,userID,DoB,DoR,DoE) VALUES (45868,8552963,2926,'2021-06-01',Null,'2021-06-08');
INSERT INTO BORROWING (borrowingID,physicalID,userID,DoB,DoR,DoE) VALUES (42724,5331293,659,'2021-01-26','2021-02-06','2021-02-02');
INSERT INTO BORROWING (borrowingID,physicalID,userID,DoB,DoR,DoE) VALUES (13247,8896875,3486,'2021-09-26',Null,'2021-10-03');
INSERT INTO BORROWING (borrowingID,physicalID,userID,DoB,DoR,DoE) VALUES (26587,5675995,659,'2021-07-20','2021-07-23','2021-07-27');
INSERT INTO BORROWING (borrowingID,physicalID,userID,DoB,DoR,DoE) VALUES (20858,1089564,3301,'2021-08-04',Null,'2021-08-11');
INSERT INTO BORROWING (borrowingID,physicalID,userID,DoB,DoR,DoE) VALUES (14850,3378694,3196,'2021-06-15','2021-06-16','2021-06-22');
INSERT INTO BORROWING (borrowingID,physicalID,userID,DoB,DoR,DoE) VALUES (44472,6372002,1153,'2021-08-03',Null,'2021-08-10');
INSERT INTO BORROWING (borrowingID,physicalID,userID,DoB,DoR,DoE) VALUES (33741,8544630,4845,'2021-08-10','2021-08-12','2021-08-17');
INSERT INTO BORROWING (borrowingID,physicalID,userID,DoB,DoR,DoE) VALUES (47291,4973883,3732,'2021-08-04',Null,'2021-08-11');
INSERT INTO BORROWING (borrowingID,physicalID,userID,DoB,DoR,DoE) VALUES (30676,1936539,2996,'2021-05-18','2021-05-20','2021-05-25');
INSERT INTO BORROWING (borrowingID,physicalID,userID,DoB,DoR,DoE) VALUES (13529,6737557,3732,'2021-10-08',Null,'2021-10-15');
INSERT INTO BORROWING (borrowingID,physicalID,userID,DoB,DoR,DoE) VALUES (35446,3888287,626,'2021-02-14','2021-02-19','2021-02-21');
INSERT INTO BORROWING (borrowingID,physicalID,userID,DoB,DoR,DoE) VALUES (20584,9728769,793,'2021-10-16',Null,'2021-10-23');
INSERT INTO BORROWING (borrowingID,physicalID,userID,DoB,DoR,DoE) VALUES (24566,1106523,590,'2021-07-06','2021-07-13','2021-07-13');
INSERT INTO BORROWING (borrowingID,physicalID,userID,DoB,DoR,DoE) VALUES (12413,8236199,4456,'2021-03-16',Null,'2021-03-23');
INSERT INTO BORROWING (borrowingID,physicalID,userID,DoB,DoR,DoE) VALUES (24522,2845775,1142,'2021-08-19','2021-08-26','2021-08-26');
INSERT INTO BORROWING (borrowingID,physicalID,userID,DoB,DoR,DoE) VALUES (49361,1108083,4856,'2021-01-16',Null,'2021-01-23');
INSERT INTO BORROWING (borrowingID,physicalID,userID,DoB,DoR,DoE) VALUES (27560,5728664,3907,'2021-09-05','2021-09-08','2021-09-12');
INSERT INTO BORROWING (borrowingID,physicalID,userID,DoB,DoR,DoE) VALUES (48632,4065340,3927,'2021-03-22',Null,'2021-03-29');
INSERT INTO BORROWING (borrowingID,physicalID,userID,DoB,DoR,DoE) VALUES (39641,6057020,2011,'2021-06-17','2021-06-23','2021-06-24');
INSERT INTO BORROWING (borrowingID,physicalID,userID,DoB,DoR,DoE) VALUES (21063,4828856,2466,'2021-01-12',Null,'2021-01-19');
INSERT INTO BORROWING (borrowingID,physicalID,userID,DoB,DoR,DoE) VALUES (13225,3933922,4471,'2021-02-07','2021-02-13','2021-02-14');

INSERT INTO BORROWING (borrowingID,physicalID,userID,DoB,DoR,DoE) VALUES (13021,2892169,1861,'2021-01-21','2021-01-21','2021-01-28');
INSERT INTO BORROWING (borrowingID,physicalID,userID,DoB,DoR,DoE) VALUES (32694,8912335,2722,'2021-04-19',Null,'2021-04-26');
INSERT INTO BORROWING (borrowingID,physicalID,userID,DoB,DoR,DoE) VALUES (17818,6693916,183,'2021-09-08','2021-09-16','2021-09-15');
INSERT INTO BORROWING (borrowingID,physicalID,userID,DoB,DoR,DoE) VALUES (46554,5960936,742,'2021-10-25',Null,'2021-11-01');
INSERT INTO BORROWING (borrowingID,physicalID,userID,DoB,DoR,DoE) VALUES (33953,9222169,2308,'2021-10-17','2021-10-20','2021-10-24');
INSERT INTO BORROWING (borrowingID,physicalID,userID,DoB,DoR,DoE) VALUES (26227,6264857,2714,'2021-08-18',Null,'2021-08-25');
INSERT INTO BORROWING (borrowingID,physicalID,userID,DoB,DoR,DoE) VALUES (17598,4885647,3094,'2021-03-21','2021-03-28','2021-03-28');
INSERT INTO BORROWING (borrowingID,physicalID,userID,DoB,DoR,DoE) VALUES (19747,2250695,3434,'2021-10-04',Null,'2021-10-11');
INSERT INTO BORROWING (borrowingID,physicalID,userID,DoB,DoR,DoE) VALUES (29206,9875128,2285,'2021-08-06','2021-08-06','2021-08-13');
INSERT INTO BORROWING (borrowingID,physicalID,userID,DoB,DoR,DoE) VALUES (43580,5621650,968,'2021-01-10',Null,'2021-01-17');
INSERT INTO BORROWING (borrowingID,physicalID,userID,DoB,DoR,DoE) VALUES (35876,5401692,2199,'2021-05-12','2021-05-15','2021-05-19');
INSERT INTO BORROWING (borrowingID,physicalID,userID,DoB,DoR,DoE) VALUES (23600,5812751,4496,'2021-09-29',Null,'2021-10-06');
INSERT INTO BORROWING (borrowingID,physicalID,userID,DoB,DoR,DoE) VALUES (13967,7049179,47,'2021-01-05','2021-01-14','2021-01-12');
INSERT INTO BORROWING (borrowingID,physicalID,userID,DoB,DoR,DoE) VALUES (11772,5809065,2509,'2021-08-27',Null,'2021-09-03');

INSERT INTO BORROWING (borrowingID,physicalID,userID,DoB,DoR,DoE) VALUES (35426,8601741,957,'2021-10-31',Null,'2021-11-07');
INSERT INTO BORROWING (borrowingID,physicalID,userID,DoB,DoR,DoE) VALUES (48997,9270165,1900,'2021-08-17','2021-08-25','2021-08-24');
INSERT INTO BORROWING (borrowingID,physicalID,userID,DoB,DoR,DoE) VALUES (20253,2888949,2328,'2021-05-26',Null,'2021-06-02');
INSERT INTO BORROWING (borrowingID,physicalID,userID,DoB,DoR,DoE) VALUES (48304,7236996,237,'2021-05-18','2021-05-19','2021-05-25');
INSERT INTO BORROWING (borrowingID,physicalID,userID,DoB,DoR,DoE) VALUES (40723,4094351,793,'2021-06-25',Null,'2021-07-02');
INSERT INTO BORROWING (borrowingID,physicalID,userID,DoB,DoR,DoE) VALUES (12448,4589473,2359,'2021-10-16','2021-10-24','2021-10-23');
INSERT INTO BORROWING (borrowingID,physicalID,userID,DoB,DoR,DoE) VALUES (42794,8721847,3753,'2021-09-13',Null,'2021-09-20');
INSERT INTO BORROWING (borrowingID,physicalID,userID,DoB,DoR,DoE) VALUES (36734,9426332,2242,'2021-06-28','2021-07-01','2021-07-05');
INSERT INTO BORROWING (borrowingID,physicalID,userID,DoB,DoR,DoE) VALUES (17025,9875128,4940,'2021-02-12',Null,'2021-02-19');
INSERT INTO BORROWING (borrowingID,physicalID,userID,DoB,DoR,DoE) VALUES (20685,3810099,2464,'2021-09-23','2021-09-23','2021-09-30');
INSERT INTO BORROWING (borrowingID,physicalID,userID,DoB,DoR,DoE) VALUES (14936,1251237,170,'2021-10-02',Null,'2021-10-09');
INSERT INTO BORROWING (borrowingID,physicalID,userID,DoB,DoR,DoE) VALUES (41502,4643920,3236,'2021-01-10','2021-01-21','2021-01-17');
INSERT INTO BORROWING (borrowingID,physicalID,userID,DoB,DoR,DoE) VALUES (16465,3948113,1621,'2021-08-02',Null,'2021-08-09');
INSERT INTO BORROWING (borrowingID,physicalID,userID,DoB,DoR,DoE) VALUES (44524,6554059,4329,'2021-10-15','2021-10-26','2021-10-22');
INSERT INTO BORROWING (borrowingID,physicalID,userID,DoB,DoR,DoE) VALUES (33570,1472126,1081,'2021-05-04',Null,'2021-05-11');
INSERT INTO BORROWING (borrowingID,physicalID,userID,DoB,DoR,DoE) VALUES (34170,7405507,3251,'2021-05-24','2021-06-01','2021-05-31');
INSERT INTO BORROWING (borrowingID,physicalID,userID,DoB,DoR,DoE) VALUES (43812,2066174,1440,'2021-02-18',Null,'2021-02-25');
INSERT INTO BORROWING (borrowingID,physicalID,userID,DoB,DoR,DoE) VALUES (39129,6846553,2768,'2021-09-27','2021-10-05','2021-10-04');
INSERT INTO BORROWING (borrowingID,physicalID,userID,DoB,DoR,DoE) VALUES (49507,5106164,4586,'2021-07-25',Null,'2021-08-01');
INSERT INTO BORROWING (borrowingID,physicalID,userID,DoB,DoR,DoE) VALUES (16426,8771693,2032,'2021-07-02','2021-07-08','2021-07-09');
INSERT INTO BORROWING (borrowingID,physicalID,userID,DoB,DoR,DoE) VALUES (48446,1320159,4743,'2021-10-23',Null,'2021-10-30');
INSERT INTO BORROWING (borrowingID,physicalID,userID,DoB,DoR,DoE) VALUES (23327,9407880,659,'2021-04-06','2021-04-09','2021-04-13');
INSERT INTO BORROWING (borrowingID,physicalID,userID,DoB,DoR,DoE) VALUES (30150,9671176,1272,'2021-04-08',Null,'2021-04-15');
INSERT INTO BORROWING (borrowingID,physicalID,userID,DoB,DoR,DoE) VALUES (42810,5345136,332,'2021-09-12','2021-09-18','2021-09-19');
INSERT INTO BORROWING (borrowingID,physicalID,userID,DoB,DoR,DoE) VALUES (46370,7058792,237,'2021-02-18',Null,'2021-02-25');
INSERT INTO BORROWING (borrowingID,physicalID,userID,DoB,DoR,DoE) VALUES (24501,6343603,731,'2021-07-14','2021-07-15','2021-07-21');
INSERT INTO BORROWING (borrowingID,physicalID,userID,DoB,DoR,DoE) VALUES (43750,1457959,1471,'2021-01-27',Null,'2021-02-03');
INSERT INTO BORROWING (borrowingID,physicalID,userID,DoB,DoR,DoE) VALUES (23083,1774504,3653,'2021-02-06','2021-02-14','2021-02-13');
INSERT INTO BORROWING (borrowingID,physicalID,userID,DoB,DoR,DoE) VALUES (15209,2451787,2905,'2021-02-26',Null,'2021-03-05');
INSERT INTO BORROWING (borrowingID,physicalID,userID,DoB,DoR,DoE) VALUES (18111,3625705,4156,'2021-09-05','2021-09-09','2021-09-12');
INSERT INTO BORROWING (borrowingID,physicalID,userID,DoB,DoR,DoE) VALUES (13594,2026211,4448,'2021-05-28',Null,'2021-06-04');
INSERT INTO BORROWING (borrowingID,physicalID,userID,DoB,DoR,DoE) VALUES (41772,1226529,2341,'2021-01-13','2021-01-17','2021-01-20');
INSERT INTO BORROWING (borrowingID,physicalID,userID,DoB,DoR,DoE) VALUES (13142,8430162,4122,'2021-08-17',Null,'2021-08-24');
INSERT INTO BORROWING (borrowingID,physicalID,userID,DoB,DoR,DoE) VALUES (14879,2245947,459,'2021-05-18','2021-05-26','2021-05-25');
INSERT INTO BORROWING (borrowingID,physicalID,userID,DoB,DoR,DoE) VALUES (34085,6203819,216,'2021-10-07',Null,'2021-10-14');
INSERT INTO BORROWING (borrowingID,physicalID,userID,DoB,DoR,DoE) VALUES (37836,9268370,209,'2021-02-26','2021-03-05','2021-03-05');
INSERT INTO BORROWING (borrowingID,physicalID,userID,DoB,DoR,DoE) VALUES (42953,8079559,2926,'2021-01-05',Null,'2021-01-12');
INSERT INTO BORROWING (borrowingID,physicalID,userID,DoB,DoR,DoE) VALUES (33761,8996304,4159,'2021-05-12','2021-05-20','2021-05-19');
INSERT INTO BORROWING (borrowingID,physicalID,userID,DoB,DoR,DoE) VALUES (21512,6936664,2874,'2021-04-01',Null,'2021-04-08');

INSERT INTO BORROWING (borrowingID,physicalID,userID,DoB,DoR,DoE) VALUES (10466,3516779,2214,'2021-09-28',Null,'2021-10-05');
INSERT INTO BORROWING (borrowingID,physicalID,userID,DoB,DoR,DoE) VALUES (21732,5968487,1073,'2021-09-22','2021-09-22','2021-09-29');
INSERT INTO BORROWING (borrowingID,physicalID,userID,DoB,DoR,DoE) VALUES (30641,6062388,3134,'2021-07-28',Null,'2021-08-04');
INSERT INTO BORROWING (borrowingID,physicalID,userID,DoB,DoR,DoE) VALUES (13210,7658979,364,'2021-03-25','2021-03-28','2021-04-01');
INSERT INTO BORROWING (borrowingID,physicalID,userID,DoB,DoR,DoE) VALUES (37242,8093580,2748,'2021-01-21',Null,'2021-01-28');
INSERT INTO BORROWING (borrowingID,physicalID,userID,DoB,DoR,DoE) VALUES (22107,7432942,4619,'2021-01-26','2021-02-06','2021-02-02');
INSERT INTO BORROWING (borrowingID,physicalID,userID,DoB,DoR,DoE) VALUES (45793,5585442,4774,'2021-05-20',Null,'2021-05-27');
INSERT INTO BORROWING (borrowingID,physicalID,userID,DoB,DoR,DoE) VALUES (18946,2854287,2584,'2021-09-06','2021-09-17','2021-09-13');
INSERT INTO BORROWING (borrowingID,physicalID,userID,DoB,DoR,DoE) VALUES (33982,8145687,4818,'2021-09-25',Null,'2021-10-02');
INSERT INTO BORROWING (borrowingID,physicalID,userID,DoB,DoR,DoE) VALUES (28431,6752399,341,'2021-05-14','2021-05-22','2021-05-21');
INSERT INTO BORROWING (borrowingID,physicalID,userID,DoB,DoR,DoE) VALUES (17952,9728534,2814,'2021-06-20',Null,'2021-06-27');
INSERT INTO BORROWING (borrowingID,physicalID,userID,DoB,DoR,DoE) VALUES (32947,4362972,4270,'2021-03-13','2021-03-22','2021-03-20');
INSERT INTO BORROWING (borrowingID,physicalID,userID,DoB,DoR,DoE) VALUES (44909,7645730,1273,'2021-09-02',Null,'2021-09-09');
INSERT INTO BORROWING (borrowingID,physicalID,userID,DoB,DoR,DoE) VALUES (22795,9993488,4609,'2021-01-08','2021-01-14','2021-01-15');
INSERT INTO BORROWING (borrowingID,physicalID,userID,DoB,DoR,DoE) VALUES (39172,7118318,4453,'2021-05-18',Null,'2021-05-25');
INSERT INTO BORROWING (borrowingID,physicalID,userID,DoB,DoR,DoE) VALUES (44375,6959727,1799,'2021-08-05','2021-08-07','2021-08-12');
INSERT INTO BORROWING (borrowingID,physicalID,userID,DoB,DoR,DoE) VALUES (31116,9501303,2171,'2021-05-02',Null,'2021-05-09');
INSERT INTO BORROWING (borrowingID,physicalID,userID,DoB,DoR,DoE) VALUES (18934,1570916,3199,'2021-02-28','2021-03-02','2021-03-07');

INSERT INTO BORROWING (borrowingID,physicalID,userID,DoB,DoR,DoE) VALUES (37740,2504808,3687,'2021-09-12','2021-09-23','2021-09-19');
INSERT INTO BORROWING (borrowingID,physicalID,userID,DoB,DoR,DoE) VALUES (17602,8611412,453,'2021-07-08',Null,'2021-07-15');
INSERT INTO BORROWING (borrowingID,physicalID,userID,DoB,DoR,DoE) VALUES (14833,3312848,2629,'2021-08-26','2021-09-06','2021-09-02');
INSERT INTO BORROWING (borrowingID,physicalID,userID,DoB,DoR,DoE) VALUES (30957,5444168,968,'2021-08-01',Null,'2021-08-08');
INSERT INTO BORROWING (borrowingID,physicalID,userID,DoB,DoR,DoE) VALUES (15269,9556543,4384,'2021-06-15','2021-06-19','2021-06-22');
INSERT INTO BORROWING (borrowingID,physicalID,userID,DoB,DoR,DoE) VALUES (47435,8388564,3871,'2021-08-15',Null,'2021-08-22');
INSERT INTO BORROWING (borrowingID,physicalID,userID,DoB,DoR,DoE) VALUES (33835,7962239,2593,'2021-01-23','2021-01-29','2021-01-30');
INSERT INTO BORROWING (borrowingID,physicalID,userID,DoB,DoR,DoE) VALUES (24291,4726787,4373,'2021-09-10',Null,'2021-09-17');
INSERT INTO BORROWING (borrowingID,physicalID,userID,DoB,DoR,DoE) VALUES (12598,4791981,2389,'2021-08-09','2021-08-09','2021-08-16');
INSERT INTO BORROWING (borrowingID,physicalID,userID,DoB,DoR,DoE) VALUES (40888,8282461,183,'2021-09-10',Null,'2021-09-17');
INSERT INTO BORROWING (borrowingID,physicalID,userID,DoB,DoR,DoE) VALUES (37075,5680317,590,'2021-06-11','2021-06-11','2021-06-18');
INSERT INTO BORROWING (borrowingID,physicalID,userID,DoB,DoR,DoE) VALUES (35612,9566365,2079,'2021-05-23',Null,'2021-05-30');
INSERT INTO BORROWING (borrowingID,physicalID,userID,DoB,DoR,DoE) VALUES (35224,7716966,2010,'2021-03-09','2021-03-12','2021-03-16');
INSERT INTO BORROWING (borrowingID,physicalID,userID,DoB,DoR,DoE) VALUES (13076,4940238,3094,'2021-06-24',Null,'2021-07-01');
INSERT INTO BORROWING (borrowingID,physicalID,userID,DoB,DoR,DoE) VALUES (15729,3018074,1738,'2021-04-05','2021-04-09','2021-04-12');
INSERT INTO BORROWING (borrowingID,physicalID,userID,DoB,DoR,DoE) VALUES (18933,5750475,1898,'2021-10-08',Null,'2021-10-15');
INSERT INTO BORROWING (borrowingID,physicalID,userID,DoB,DoR,DoE) VALUES (42043,8282461,1710,'2021-05-22','2021-05-30','2021-05-29');
INSERT INTO BORROWING (borrowingID,physicalID,userID,DoB,DoR,DoE) VALUES (43959,7348544,209,'2021-03-06',Null,'2021-03-13');
INSERT INTO BORROWING (borrowingID,physicalID,userID,DoB,DoR,DoE) VALUES (18305,2546863,1412,'2021-06-25','2021-06-26','2021-07-02');
INSERT INTO BORROWING (borrowingID,physicalID,userID,DoB,DoR,DoE) VALUES (47384,9037334,3134,'2021-10-06',Null,'2021-10-13');
INSERT INTO BORROWING (borrowingID,physicalID,userID,DoB,DoR,DoE) VALUES (41942,4563854,2410,'2021-05-14','2021-05-16','2021-05-21');

INSERT INTO BORROWING (borrowingID,physicalID,userID,DoB,DoR,DoE) VALUES (17728,9016453,4586,'2021-05-15','2021-05-16','2021-05-22');
INSERT INTO BORROWING (borrowingID,physicalID,userID,DoB,DoR,DoE) VALUES (49631,7882190,3301,'2021-07-22',Null,'2021-07-29');
INSERT INTO BORROWING (borrowingID,physicalID,userID,DoB,DoR,DoE) VALUES (40898,2637521,2183,'2021-03-01','2021-03-11','2021-03-08');
INSERT INTO BORROWING (borrowingID,physicalID,userID,DoB,DoR,DoE) VALUES (42179,3832088,3967,'2021-08-08',Null,'2021-08-15');
INSERT INTO BORROWING (borrowingID,physicalID,userID,DoB,DoR,DoE) VALUES (47405,6783502,930,'2021-10-26','2021-10-26','2021-11-02');
INSERT INTO BORROWING (borrowingID,physicalID,userID,DoB,DoR,DoE) VALUES (43055,3929726,2748,'2021-04-26',Null,'2021-05-03');
INSERT INTO BORROWING (borrowingID,physicalID,userID,DoB,DoR,DoE) VALUES (47506,3579884,4346,'2021-09-03','2021-09-12','2021-09-10');
INSERT INTO BORROWING (borrowingID,physicalID,userID,DoB,DoR,DoE) VALUES (49985,3160880,2388,'2021-06-22',Null,'2021-06-29');
INSERT INTO BORROWING (borrowingID,physicalID,userID,DoB,DoR,DoE) VALUES (47324,9296593,3251,'2021-07-26','2021-07-26','2021-08-02');
INSERT INTO BORROWING (borrowingID,physicalID,userID,DoB,DoR,DoE) VALUES (48264,3196813,4774,'2021-04-08',Null,'2021-04-15');
INSERT INTO BORROWING (borrowingID,physicalID,userID,DoB,DoR,DoE) VALUES (27400,4624682,1478,'2021-07-18','2021-07-27','2021-07-25');
INSERT INTO BORROWING (borrowingID,physicalID,userID,DoB,DoR,DoE) VALUES (12311,1579017,1946,'2021-10-14',Null,'2021-10-21');
INSERT INTO BORROWING (borrowingID,physicalID,userID,DoB,DoR,DoE) VALUES (39533,3498540,4241,'2021-03-03','2021-03-09','2021-03-10');
INSERT INTO BORROWING (borrowingID,physicalID,userID,DoB,DoR,DoE) VALUES (44931,6993654,4915,'2021-08-17',Null,'2021-08-24');
INSERT INTO BORROWING (borrowingID,physicalID,userID,DoB,DoR,DoE) VALUES (11848,4991352,1521,'2021-02-22','2021-02-26','2021-03-01');
INSERT INTO BORROWING (borrowingID,physicalID,userID,DoB,DoR,DoE) VALUES (25781,1676084,4190,'2021-02-01',Null,'2021-02-08');
INSERT INTO BORROWING (borrowingID,physicalID,userID,DoB,DoR,DoE) VALUES (21618,3704302,47,'2021-08-14','2021-08-14','2021-08-21');
INSERT INTO BORROWING (borrowingID,physicalID,userID,DoB,DoR,DoE) VALUES (23980,9461135,2926,'2021-09-07',Null,'2021-09-14');
INSERT INTO BORROWING (borrowingID,physicalID,userID,DoB,DoR,DoE) VALUES (41944,2066319,442,'2021-09-21','2021-09-22','2021-09-28');
INSERT INTO BORROWING (borrowingID,physicalID,userID,DoB,DoR,DoE) VALUES (17585,2848313,1515,'2021-02-25',Null,'2021-03-04');
INSERT INTO BORROWING (borrowingID,physicalID,userID,DoB,DoR,DoE) VALUES (47326,4344691,1233,'2021-04-03','2021-04-10','2021-04-10');
INSERT INTO BORROWING (borrowingID,physicalID,userID,DoB,DoR,DoE) VALUES (43826,8814916,2425,'2021-04-29',Null,'2021-05-06');
INSERT INTO BORROWING (borrowingID,physicalID,userID,DoB,DoR,DoE) VALUES (33183,1278410,4853,'2021-09-03','2021-09-10','2021-09-10');
INSERT INTO BORROWING (borrowingID,physicalID,userID,DoB,DoR,DoE) VALUES (34075,7404023,4776,'2021-04-25',Null,'2021-05-02');
INSERT INTO BORROWING (borrowingID,physicalID,userID,DoB,DoR,DoE) VALUES (14526,8363466,3942,'2021-05-25','2021-05-26','2021-06-01');
INSERT INTO BORROWING (borrowingID,physicalID,userID,DoB,DoR,DoE) VALUES (42566,5073340,271,'2021-05-06',Null,'2021-05-13');
INSERT INTO BORROWING (borrowingID,physicalID,userID,DoB,DoR,DoE) VALUES (32341,1570715,1299,'2021-02-15','2021-02-23','2021-02-22');
INSERT INTO BORROWING (borrowingID,physicalID,userID,DoB,DoR,DoE) VALUES (20501,1445828,1293,'2021-05-02',Null,'2021-05-09');
INSERT INTO BORROWING (borrowingID,physicalID,userID,DoB,DoR,DoE) VALUES (34460,5569495,2717,'2021-06-16','2021-06-24','2021-06-23');
INSERT INTO BORROWING (borrowingID,physicalID,userID,DoB,DoR,DoE) VALUES (23330,7225557,4623,'2021-08-23',Null,'2021-08-30');
INSERT INTO BORROWING (borrowingID,physicalID,userID,DoB,DoR,DoE) VALUES (29071,5196936,2242,'2021-04-24','2021-04-30','2021-05-01');
INSERT INTO BORROWING (borrowingID,physicalID,userID,DoB,DoR,DoE) VALUES (38994,8224916,3057,'2021-04-14',Null,'2021-04-21');
INSERT INTO BORROWING (borrowingID,physicalID,userID,DoB,DoR,DoE) VALUES (34830,5828297,3839,'2021-05-25','2021-06-03','2021-06-01');
INSERT INTO BORROWING (borrowingID,physicalID,userID,DoB,DoR,DoE) VALUES (11900,6795208,4851,'2021-07-24',Null,'2021-07-31');
INSERT INTO BORROWING (borrowingID,physicalID,userID,DoB,DoR,DoE) VALUES (22256,7455636,3660,'2021-05-11','2021-05-20','2021-05-18');
INSERT INTO BORROWING (borrowingID,physicalID,userID,DoB,DoR,DoE) VALUES (12022,6784454,2893,'2021-10-26',Null,'2021-11-02');
INSERT INTO BORROWING (borrowingID,physicalID,userID,DoB,DoR,DoE) VALUES (19987,4424003,1478,'2021-09-06','2021-09-16','2021-09-13');
INSERT INTO BORROWING (borrowingID,physicalID,userID,DoB,DoR,DoE) VALUES (42491,2543532,3911,'2021-03-27',Null,'2021-04-03');
INSERT INTO BORROWING (borrowingID,physicalID,userID,DoB,DoR,DoE) VALUES (16344,3340930,1769,'2021-08-06','2021-08-10','2021-08-13');
INSERT INTO BORROWING (borrowingID,physicalID,userID,DoB,DoR,DoE) VALUES (39784,3615567,1333,'2021-09-07',Null,'2021-09-14');
INSERT INTO BORROWING (borrowingID,physicalID,userID,DoB,DoR,DoE) VALUES (28418,7602401,4201,'2021-08-17','2021-08-18','2021-08-24');

INSERT INTO BORROWING (borrowingID,physicalID,userID,DoB,DoR,DoE) VALUES (31349,4936786,2244,'2021-09-01','2021-09-06','2021-09-08');
INSERT INTO BORROWING (borrowingID,physicalID,userID,DoB,DoR,DoE) VALUES (38438,1016401,2748,'2021-09-26',Null,'2021-10-03');
INSERT INTO BORROWING (borrowingID,physicalID,userID,DoB,DoR,DoE) VALUES (34169,8205373,277,'2021-08-01','2021-08-02','2021-08-08');
INSERT INTO BORROWING (borrowingID,physicalID,userID,DoB,DoR,DoE) VALUES (44202,1164053,1861,'2021-08-06',Null,'2021-08-13');
INSERT INTO BORROWING (borrowingID,physicalID,userID,DoB,DoR,DoE) VALUES (26410,2757377,4845,'2021-07-03','2021-07-03','2021-07-10');
INSERT INTO BORROWING (borrowingID,physicalID,userID,DoB,DoR,DoE) VALUES (13418,4840699,3157,'2021-02-08',Null,'2021-02-15');
INSERT INTO BORROWING (borrowingID,physicalID,userID,DoB,DoR,DoE) VALUES (29649,1795490,3615,'2021-06-04','2021-06-11','2021-06-11');
INSERT INTO BORROWING (borrowingID,physicalID,userID,DoB,DoR,DoE) VALUES (46597,9062419,4448,'2021-10-19',Null,'2021-10-26');
INSERT INTO BORROWING (borrowingID,physicalID,userID,DoB,DoR,DoE) VALUES (15580,8034005,3996,'2021-06-01','2021-06-04','2021-06-08');
INSERT INTO BORROWING (borrowingID,physicalID,userID,DoB,DoR,DoE) VALUES (19488,3404911,1738,'2021-03-29',Null,'2021-04-05');
INSERT INTO BORROWING (borrowingID,physicalID,userID,DoB,DoR,DoE) VALUES (47164,5487538,2583,'2021-09-18','2021-09-20','2021-09-25');
INSERT INTO BORROWING (borrowingID,physicalID,userID,DoB,DoR,DoE) VALUES (16857,6534462,2840,'2021-02-16',Null,'2021-02-23');
INSERT INTO BORROWING (borrowingID,physicalID,userID,DoB,DoR,DoE) VALUES (11972,6614542,3015,'2021-07-26','2021-08-02','2021-08-02');
INSERT INTO BORROWING (borrowingID,physicalID,userID,DoB,DoR,DoE) VALUES (12109,8403778,4623,'2021-09-07',Null,'2021-09-14');

INSERT INTO BORROWING (borrowingID,physicalID,userID,DoB,DoR,DoE) VALUES (16611,3427578,2386,'2021-10-17',Null,'2021-10-24');
INSERT INTO BORROWING (borrowingID,physicalID,userID,DoB,DoR,DoE) VALUES (17424,4440102,4082,'2021-06-09','2021-06-17','2021-06-16');
INSERT INTO BORROWING (borrowingID,physicalID,userID,DoB,DoR,DoE) VALUES (10611,1422604,1478,'2021-03-04',Null,'2021-03-11');
INSERT INTO BORROWING (borrowingID,physicalID,userID,DoB,DoR,DoE) VALUES (20910,4065340,608,'2021-07-18','2021-07-22','2021-07-25');
INSERT INTO BORROWING (borrowingID,physicalID,userID,DoB,DoR,DoE) VALUES (22501,9018150,2804,'2021-01-31',Null,'2021-02-07');
INSERT INTO BORROWING (borrowingID,physicalID,userID,DoB,DoR,DoE) VALUES (10770,4791292,2163,'2021-09-24','2021-10-01','2021-10-01');
INSERT INTO BORROWING (borrowingID,physicalID,userID,DoB,DoR,DoE) VALUES (13524,8152726,2786,'2021-04-27',Null,'2021-05-04');
INSERT INTO BORROWING (borrowingID,physicalID,userID,DoB,DoR,DoE) VALUES (25867,4240855,3562,'2021-02-26','2021-03-06','2021-03-05');
INSERT INTO BORROWING (borrowingID,physicalID,userID,DoB,DoR,DoE) VALUES (42735,2856298,1116,'2021-05-21',Null,'2021-05-28');
INSERT INTO BORROWING (borrowingID,physicalID,userID,DoB,DoR,DoE) VALUES (38075,5488260,4680,'2021-03-01','2021-03-09','2021-03-08');
INSERT INTO BORROWING (borrowingID,physicalID,userID,DoB,DoR,DoE) VALUES (43432,5624909,3906,'2021-04-05',Null,'2021-04-12');
INSERT INTO BORROWING (borrowingID,physicalID,userID,DoB,DoR,DoE) VALUES (24672,9293438,2583,'2021-06-02','2021-06-08','2021-06-09');
INSERT INTO BORROWING (borrowingID,physicalID,userID,DoB,DoR,DoE) VALUES (28281,8879837,13,'2021-03-13',Null,'2021-03-20');
INSERT INTO BORROWING (borrowingID,physicalID,userID,DoB,DoR,DoE) VALUES (40611,7359337,2199,'2021-01-22','2021-01-23','2021-01-29');
INSERT INTO BORROWING (borrowingID,physicalID,userID,DoB,DoR,DoE) VALUES (47654,4297493,2891,'2021-10-19',Null,'2021-10-26');
INSERT INTO BORROWING (borrowingID,physicalID,userID,DoB,DoR,DoE) VALUES (12102,1331299,2285,'2021-08-05','2021-08-14','2021-08-12');
INSERT INTO BORROWING (borrowingID,physicalID,userID,DoB,DoR,DoE) VALUES (33703,4312309,1073,'2021-01-03',Null,'2021-01-10');
INSERT INTO BORROWING (borrowingID,physicalID,userID,DoB,DoR,DoE) VALUES (44150,3080512,3843,'2021-01-08','2021-01-17','2021-01-15');
INSERT INTO BORROWING (borrowingID,physicalID,userID,DoB,DoR,DoE) VALUES (31934,8295514,4586,'2021-03-05',Null,'2021-03-12');
INSERT INTO BORROWING (borrowingID,physicalID,userID,DoB,DoR,DoE) VALUES (41609,9733684,4859,'2021-06-10','2021-06-10','2021-06-17');
INSERT INTO BORROWING (borrowingID,physicalID,userID,DoB,DoR,DoE) VALUES (48079,9374695,4329,'2021-06-12',Null,'2021-06-19');
INSERT INTO BORROWING (borrowingID,physicalID,userID,DoB,DoR,DoE) VALUES (26108,3724741,2570,'2021-03-02','2021-03-05','2021-03-09');
INSERT INTO BORROWING (borrowingID,physicalID,userID,DoB,DoR,DoE) VALUES (10347,8872168,2433,'2021-05-04',Null,'2021-05-11');
INSERT INTO BORROWING (borrowingID,physicalID,userID,DoB,DoR,DoE) VALUES (17659,9577681,4407,'2021-02-11','2021-02-22','2021-02-18');
INSERT INTO BORROWING (borrowingID,physicalID,userID,DoB,DoR,DoE) VALUES (24559,8242047,139,'2021-01-05',Null,'2021-01-12');
INSERT INTO BORROWING (borrowingID,physicalID,userID,DoB,DoR,DoE) VALUES (28748,8770066,4771,'2021-04-18','2021-04-24','2021-04-25');
INSERT INTO BORROWING (borrowingID,physicalID,userID,DoB,DoR,DoE) VALUES (14531,6425786,304,'2021-04-24',Null,'2021-05-01');
INSERT INTO BORROWING (borrowingID,physicalID,userID,DoB,DoR,DoE) VALUES (45162,3933314,2329,'2021-05-11','2021-05-17','2021-05-18');
INSERT INTO BORROWING (borrowingID,physicalID,userID,DoB,DoR,DoE) VALUES (11975,8594697,1298,'2021-04-10',Null,'2021-04-17');


INSERT INTO BORROWING (borrowingID,physicalID,userID,DoB,DoR,DoE) VALUES (10775,7329519,2178,'2021-02-27','2021-02-28','2021-03-06');
INSERT INTO BORROWING (borrowingID,physicalID,userID,DoB,DoR,DoE) VALUES (44392,6049769,3562,'2021-04-13',Null,'2021-04-20');
INSERT INTO BORROWING (borrowingID,physicalID,userID,DoB,DoR,DoE) VALUES (38903,6906488,3131,'2021-03-07','2021-03-09','2021-03-14');
INSERT INTO BORROWING (borrowingID,physicalID,userID,DoB,DoR,DoE) VALUES (13538,1475079,4859,'2021-04-18',Null,'2021-04-25');
INSERT INTO BORROWING (borrowingID,physicalID,userID,DoB,DoR,DoE) VALUES (44696,6271040,4845,'2021-10-15','2021-10-21','2021-10-22');
INSERT INTO BORROWING (borrowingID,physicalID,userID,DoB,DoR,DoE) VALUES (26868,7369001,780,'2021-08-06',Null,'2021-08-13');
INSERT INTO BORROWING (borrowingID,physicalID,userID,DoB,DoR,DoE) VALUES (26815,9760826,2610,'2021-10-07','2021-10-13','2021-10-14');

INSERT INTO BORROWING (borrowingID,physicalID,userID,DoB,DoR,DoE) VALUES (11068,9304796,2651,'2021-08-12','2021-08-14','2021-08-19');
INSERT INTO BORROWING (borrowingID,physicalID,userID,DoB,DoR,DoE) VALUES (49067,4393915,2874,'2021-08-30',Null,'2021-09-06');
INSERT INTO BORROWING (borrowingID,physicalID,userID,DoB,DoR,DoE) VALUES (24361,4693937,2600,'2021-07-22','2021-08-01','2021-07-29');
INSERT INTO BORROWING (borrowingID,physicalID,userID,DoB,DoR,DoE) VALUES (11719,8909279,832,'2021-01-24',Null,'2021-01-31');
INSERT INTO BORROWING (borrowingID,physicalID,userID,DoB,DoR,DoE) VALUES (34014,3042173,1397,'2021-08-27','2021-09-03','2021-09-03');
INSERT INTO BORROWING (borrowingID,physicalID,userID,DoB,DoR,DoE) VALUES (20524,2633479,4623,'2021-08-11',Null,'2021-08-18');
INSERT INTO BORROWING (borrowingID,physicalID,userID,DoB,DoR,DoE) VALUES (42300,3452872,1019,'2021-07-14','2021-07-14','2021-07-21');
INSERT INTO BORROWING (borrowingID,physicalID,userID,DoB,DoR,DoE) VALUES (20272,4770781,2585,'2021-02-13',Null,'2021-02-20');
INSERT INTO BORROWING (borrowingID,physicalID,userID,DoB,DoR,DoE) VALUES (19115,5377375,1521,'2021-06-27','2021-07-06','2021-07-04');
INSERT INTO BORROWING (borrowingID,physicalID,userID,DoB,DoR,DoE) VALUES (25579,7509326,453,'2021-02-02',Null,'2021-02-09');
INSERT INTO BORROWING (borrowingID,physicalID,userID,DoB,DoR,DoE) VALUES (21475,3473187,3134,'2021-10-23','2021-10-28','2021-10-30');
INSERT INTO BORROWING (borrowingID,physicalID,userID,DoB,DoR,DoE) VALUES (47470,8887863,2804,'2021-09-11',Null,'2021-09-18');
INSERT INTO BORROWING (borrowingID,physicalID,userID,DoB,DoR,DoE) VALUES (28076,8557119,2280,'2021-03-05','2021-03-09','2021-03-12');

INSERT INTO BORROWING (borrowingID,physicalID,userID,DoB,DoR,DoE) VALUES (13728,1937221,183,'2021-04-12','2021-04-17','2021-04-19');
INSERT INTO BORROWING (borrowingID,physicalID,userID,DoB,DoR,DoE) VALUES (37842,8371629,2308,'2021-08-23',Null,'2021-08-30');
INSERT INTO BORROWING (borrowingID,physicalID,userID,DoB,DoR,DoE) VALUES (42679,8772094,4357,'2021-01-25','2021-01-30','2021-02-01');
INSERT INTO BORROWING (borrowingID,physicalID,userID,DoB,DoR,DoE) VALUES (16301,1240580,4624,'2021-10-09',Null,'2021-10-16');
INSERT INTO BORROWING (borrowingID,physicalID,userID,DoB,DoR,DoE) VALUES (16931,8972958,3911,'2021-04-13','2021-04-20','2021-04-20');
INSERT INTO BORROWING (borrowingID,physicalID,userID,DoB,DoR,DoE) VALUES (33076,8396843,2897,'2021-02-11',Null,'2021-02-18');
INSERT INTO BORROWING (borrowingID,physicalID,userID,DoB,DoR,DoE) VALUES (17562,2315439,2886,'2021-03-04','2021-03-04','2021-03-11');
INSERT INTO BORROWING (borrowingID,physicalID,userID,DoB,DoR,DoE) VALUES (13368,8042556,2175,'2021-06-14',Null,'2021-06-21');
INSERT INTO BORROWING (borrowingID,physicalID,userID,DoB,DoR,DoE) VALUES (45781,3114557,1769,'2021-06-17','2021-06-27','2021-06-24');
INSERT INTO BORROWING (borrowingID,physicalID,userID,DoB,DoR,DoE) VALUES (11074,1916285,832,'2021-05-04',Null,'2021-05-11');
INSERT INTO BORROWING (borrowingID,physicalID,userID,DoB,DoR,DoE) VALUES (42546,1807745,2905,'2021-04-14','2021-04-23','2021-04-21');
INSERT INTO BORROWING (borrowingID,physicalID,userID,DoB,DoR,DoE) VALUES (13820,9147778,4539,'2021-07-29',Null,'2021-08-05');
INSERT INTO BORROWING (borrowingID,physicalID,userID,DoB,DoR,DoE) VALUES (44193,2836274,3862,'2021-06-01','2021-06-07','2021-06-08');
INSERT INTO BORROWING (borrowingID,physicalID,userID,DoB,DoR,DoE) VALUES (21477,8281550,1521,'2021-09-07',Null,'2021-09-14');
INSERT INTO BORROWING (borrowingID,physicalID,userID,DoB,DoR,DoE) VALUES (48460,5890039,4698,'2021-05-05','2021-05-13','2021-05-12');

INSERT INTO BORROWING (borrowingID,physicalID,userID,DoB,DoR,DoE) VALUES (41559,5491159,894,'2021-05-11','2021-05-13','2021-05-18');
INSERT INTO BORROWING (borrowingID,physicalID,userID,DoB,DoR,DoE) VALUES (36277,7644345,4496,'2021-03-25',Null,'2021-04-01');
INSERT INTO BORROWING (borrowingID,physicalID,userID,DoB,DoR,DoE) VALUES (47409,5884928,2637,'2021-05-17','2021-05-17','2021-05-24');
INSERT INTO BORROWING (borrowingID,physicalID,userID,DoB,DoR,DoE) VALUES (30554,1277675,2199,'2021-08-28',Null,'2021-09-04');
INSERT INTO BORROWING (borrowingID,physicalID,userID,DoB,DoR,DoE) VALUES (34198,7877930,2439,'2021-05-24','2021-06-04','2021-05-31');
INSERT INTO BORROWING (borrowingID,physicalID,userID,DoB,DoR,DoE) VALUES (22564,1416956,1299,'2021-06-24',Null,'2021-07-01');
INSERT INTO BORROWING (borrowingID,physicalID,userID,DoB,DoR,DoE) VALUES (37067,5277191,2639,'2021-09-24','2021-09-29','2021-10-01');
INSERT INTO BORROWING (borrowingID,physicalID,userID,DoB,DoR,DoE) VALUES (29236,4039044,2785,'2021-10-02',Null,'2021-10-09');
INSERT INTO BORROWING (borrowingID,physicalID,userID,DoB,DoR,DoE) VALUES (27166,6721972,704,'2021-10-14','2021-10-21','2021-10-21');
INSERT INTO BORROWING (borrowingID,physicalID,userID,DoB,DoR,DoE) VALUES (32498,5675995,2175,'2021-09-02',Null,'2021-09-09');

INSERT INTO BORROWING (borrowingID,physicalID,userID,DoB,DoR,DoE) VALUES (11755,3378694,4619,'2021-04-10',Null,'2021-04-17');
INSERT INTO BORROWING (borrowingID,physicalID,userID,DoB,DoR,DoE) VALUES (19917,4008562,2133,'2021-05-01','2021-05-12','2021-05-08');
INSERT INTO BORROWING (borrowingID,physicalID,userID,DoB,DoR,DoE) VALUES (36340,1936539,4746,'2021-02-24',Null,'2021-03-03');
INSERT INTO BORROWING (borrowingID,physicalID,userID,DoB,DoR,DoE) VALUES (44309,2173048,3753,'2021-05-25','2021-06-01','2021-06-01');
INSERT INTO BORROWING (borrowingID,physicalID,userID,DoB,DoR,DoE) VALUES (14820,1106523,4241,'2021-01-20',Null,'2021-01-27');
INSERT INTO BORROWING (borrowingID,physicalID,userID,DoB,DoR,DoE) VALUES (27532,9303214,4218,'2021-04-16','2021-04-21','2021-04-23');
INSERT INTO BORROWING (borrowingID,physicalID,userID,DoB,DoR,DoE) VALUES (37970,5728664,4261,'2021-02-27',Null,'2021-03-06');
INSERT INTO BORROWING (borrowingID,physicalID,userID,DoB,DoR,DoE) VALUES (37870,8552963,2163,'2021-03-23','2021-03-25','2021-03-30');
INSERT INTO BORROWING (borrowingID,physicalID,userID,DoB,DoR,DoE) VALUES (23435,6057020,2815,'2021-09-16',Null,'2021-09-23');
INSERT INTO BORROWING (borrowingID,physicalID,userID,DoB,DoR,DoE) VALUES (24395,4005240,2178,'2021-03-28','2021-04-02','2021-04-04');
INSERT INTO BORROWING (borrowingID,physicalID,userID,DoB,DoR,DoE) VALUES (13044,2892169,969,'2021-02-11',Null,'2021-02-18');
INSERT INTO BORROWING (borrowingID,physicalID,userID,DoB,DoR,DoE) VALUES (38691,8896875,4448,'2021-04-05','2021-04-06','2021-04-12');
INSERT INTO BORROWING (borrowingID,physicalID,userID,DoB,DoR,DoE) VALUES (19938,9222169,2175,'2021-07-23',Null,'2021-07-30');

INSERT INTO BORROWING (borrowingID,physicalID,userID,DoB,DoR,DoE) VALUES (34414,9875128,4149,'2021-09-11',Null,'2021-09-18');
INSERT INTO BORROWING (borrowingID,physicalID,userID,DoB,DoR,DoE) VALUES (37420,1089564,1190,'2021-07-25','2021-07-25','2021-08-01');
INSERT INTO BORROWING (borrowingID,physicalID,userID,DoB,DoR,DoE) VALUES (34352,7049179,3388,'2021-09-18',Null,'2021-09-25');

INSERT INTO BORROWING (borrowingID,physicalID,userID,DoB,DoR,DoE) VALUES (24686,9270165,3839,'2021-03-09',Null,'2021-03-16');
INSERT INTO BORROWING (borrowingID,physicalID,userID,DoB,DoR,DoE) VALUES (16964,5633782,2585,'2021-08-02','2021-08-07','2021-08-09');
INSERT INTO BORROWING (borrowingID,physicalID,userID,DoB,DoR,DoE) VALUES (32030,4589473,343,'2021-10-16',Null,'2021-10-23');
INSERT INTO BORROWING (borrowingID,physicalID,userID,DoB,DoR,DoE) VALUES (19517,4973883,3318,'2021-08-02','2021-08-04','2021-08-09');
INSERT INTO BORROWING (borrowingID,physicalID,userID,DoB,DoR,DoE) VALUES (29130,3810099,2543,'2021-02-14',Null,'2021-02-21');
INSERT INTO BORROWING (borrowingID,physicalID,userID,DoB,DoR,DoE) VALUES (29632,9046518,2439,'2021-02-05','2021-02-09','2021-02-12');

INSERT INTO BORROWING (borrowingID,physicalID,userID,DoB,DoR,DoE) VALUES (23422,6737557,3157,'2021-10-10','2021-10-14','2021-10-17');
INSERT INTO BORROWING (borrowingID,physicalID,userID,DoB,DoR,DoE) VALUES (46718,7405507,4818,'2021-05-27',Null,'2021-06-03');
INSERT INTO BORROWING (borrowingID,physicalID,userID,DoB,DoR,DoE) VALUES (33085,3014546,1308,'2021-01-18','2021-01-27','2021-01-25');
INSERT INTO BORROWING (borrowingID,physicalID,userID,DoB,DoR,DoE) VALUES (26694,8771693,2509,'2021-08-24',Null,'2021-08-31');
INSERT INTO BORROWING (borrowingID,physicalID,userID,DoB,DoR,DoE) VALUES (20574,9728769,2886,'2021-03-27','2021-03-27','2021-04-03');
INSERT INTO BORROWING (borrowingID,physicalID,userID,DoB,DoR,DoE) VALUES (31346,5345136,2768,'2021-05-03',Null,'2021-05-10');
INSERT INTO BORROWING (borrowingID,physicalID,userID,DoB,DoR,DoE) VALUES (41233,6835351,3199,'2021-08-27','2021-09-02','2021-09-03');
INSERT INTO BORROWING (borrowingID,physicalID,userID,DoB,DoR,DoE) VALUES (42050,1774504,1156,'2021-02-20',Null,'2021-02-27');

INSERT INTO BORROWING (borrowingID,physicalID,userID,DoB,DoR,DoE) VALUES (12798,1226529,453,'2021-10-04',Null,'2021-10-11');
INSERT INTO BORROWING (borrowingID,physicalID,userID,DoB,DoR,DoE) VALUES (48939,3215051,2039,'2021-04-24','2021-04-25','2021-05-01');
INSERT INTO BORROWING (borrowingID,physicalID,userID,DoB,DoR,DoE) VALUES (45952,9268370,2848,'2021-04-21',Null,'2021-04-28');
INSERT INTO BORROWING (borrowingID,physicalID,userID,DoB,DoR,DoE) VALUES (47830,1108083,4095,'2021-02-07','2021-02-08','2021-02-14');
INSERT INTO BORROWING (borrowingID,physicalID,userID,DoB,DoR,DoE) VALUES (18120,9373728,2563,'2021-07-27',Null,'2021-08-03');

INSERT INTO BORROWING (borrowingID,physicalID,userID,DoB,DoR,DoE) VALUES (14610,7658979,1860,'2021-10-18',Null,'2021-10-25');
INSERT INTO BORROWING (borrowingID,physicalID,userID,DoB,DoR,DoE) VALUES (18063,4275623,139,'2021-04-03','2021-04-09','2021-04-10');
INSERT INTO BORROWING (borrowingID,physicalID,userID,DoB,DoR,DoE) VALUES (38489,2854287,1081,'2021-06-14',Null,'2021-06-21');
INSERT INTO BORROWING (borrowingID,physicalID,userID,DoB,DoR,DoE) VALUES (21304,4828856,2183,'2021-06-27','2021-07-07','2021-07-04');
INSERT INTO BORROWING (borrowingID,physicalID,userID,DoB,DoR,DoE) VALUES (31425,4362972,1642,'2021-08-11',Null,'2021-08-18');
INSERT INTO BORROWING (borrowingID,physicalID,userID,DoB,DoR,DoE) VALUES (36451,7773104,1139,'2021-03-06','2021-03-16','2021-03-13');
INSERT INTO BORROWING (borrowingID,physicalID,userID,DoB,DoR,DoE) VALUES (28996,6959727,216,'2021-08-05',Null,'2021-08-12');
INSERT INTO BORROWING (borrowingID,physicalID,userID,DoB,DoR,DoE) VALUES (15896,8982042,1251,'2021-07-08','2021-07-08','2021-07-15');
INSERT INTO BORROWING (borrowingID,physicalID,userID,DoB,DoR,DoE) VALUES (22172,2504808,3318,'2021-10-13',Null,'2021-10-20');
INSERT INTO BORROWING (borrowingID,physicalID,userID,DoB,DoR,DoE) VALUES (20736,9546718,151,'2021-10-22','2021-11-02','2021-10-29');
INSERT INTO BORROWING (borrowingID,physicalID,userID,DoB,DoR,DoE) VALUES (23514,9556543,1874,'2021-05-30',Null,'2021-06-06');
INSERT INTO BORROWING (borrowingID,physicalID,userID,DoB,DoR,DoE) VALUES (43744,8912335,2410,'2021-09-14','2021-09-25','2021-09-21');
INSERT INTO BORROWING (borrowingID,physicalID,userID,DoB,DoR,DoE) VALUES (34208,8281550,1478,'2021-08-12',Null,'2021-08-19');
INSERT INTO BORROWING (borrowingID,physicalID,userID,DoB,DoR,DoE) VALUES (27590,1631301,4190,'2021-07-23','2021-07-30','2021-07-30');
INSERT INTO BORROWING (borrowingID,physicalID,userID,DoB,DoR,DoE) VALUES (33367,5680317,2996,'2021-10-24',Null,'2021-10-31');
INSERT INTO BORROWING (borrowingID,physicalID,userID,DoB,DoR,DoE) VALUES (18673,5960936,2543,'2021-02-17','2021-02-22','2021-02-24');
INSERT INTO BORROWING (borrowingID,physicalID,userID,DoB,DoR,DoE) VALUES (26616,3018074,1023,'2021-03-22',Null,'2021-03-29');
INSERT INTO BORROWING (borrowingID,physicalID,userID,DoB,DoR,DoE) VALUES (18617,4356557,3348,'2021-06-21','2021-07-01','2021-06-28');
INSERT INTO BORROWING (borrowingID,physicalID,userID,DoB,DoR,DoE) VALUES (39105,2546863,1400,'2021-01-10',Null,'2021-01-17');
INSERT INTO BORROWING (borrowingID,physicalID,userID,DoB,DoR,DoE) VALUES (42029,6264857,1478,'2021-09-15','2021-09-25','2021-09-22');
INSERT INTO BORROWING (borrowingID,physicalID,userID,DoB,DoR,DoE) VALUES (25977,9016453,2204,'2021-02-18',Null,'2021-02-25');
INSERT INTO BORROWING (borrowingID,physicalID,userID,DoB,DoR,DoE) VALUES (15082,9704994,3876,'2021-07-20','2021-07-26','2021-07-27');
INSERT INTO BORROWING (borrowingID,physicalID,userID,DoB,DoR,DoE) VALUES (26205,6783502,1170,'2021-08-10',Null,'2021-08-17');
INSERT INTO BORROWING (borrowingID,physicalID,userID,DoB,DoR,DoE) VALUES (22727,2250695,4680,'2021-10-15','2021-10-22','2021-10-22');
INSERT INTO BORROWING (borrowingID,physicalID,userID,DoB,DoR,DoE) VALUES (26174,9296593,4859,'2021-04-07',Null,'2021-04-14');
INSERT INTO BORROWING (borrowingID,physicalID,userID,DoB,DoR,DoE) VALUES (43993,4797697,1515,'2021-03-18','2021-03-20','2021-03-25');
INSERT INTO BORROWING (borrowingID,physicalID,userID,DoB,DoR,DoE) VALUES (47886,3498540,4588,'2021-03-20',Null,'2021-03-27');
INSERT INTO BORROWING (borrowingID,physicalID,userID,DoB,DoR,DoE) VALUES (15490,5621650,4405,'2021-08-12','2021-08-12','2021-08-19');
INSERT INTO BORROWING (borrowingID,physicalID,userID,DoB,DoR,DoE) VALUES (35251,3704302,4610,'2021-07-24',Null,'2021-07-31');
INSERT INTO BORROWING (borrowingID,physicalID,userID,DoB,DoR,DoE) VALUES (29040,9809512,1819,'2021-09-25','2021-10-03','2021-10-02');
INSERT INTO BORROWING (borrowingID,physicalID,userID,DoB,DoR,DoE) VALUES (10532,4344691,1749,'2021-10-26',Null,'2021-11-02');
INSERT INTO BORROWING (borrowingID,physicalID,userID,DoB,DoR,DoE) VALUES (41584,5812751,3511,'2021-07-01','2021-07-06','2021-07-08');
INSERT INTO BORROWING (borrowingID,physicalID,userID,DoB,DoR,DoE) VALUES (13201,8363466,3251,'2021-03-01',Null,'2021-03-08');
INSERT INTO BORROWING (borrowingID,physicalID,userID,DoB,DoR,DoE) VALUES (32250,3265465,453,'2021-04-26','2021-04-30','2021-05-03');
INSERT INTO BORROWING (borrowingID,physicalID,userID,DoB,DoR,DoE) VALUES (43238,5569495,4877,'2021-06-05',Null,'2021-06-12');
INSERT INTO BORROWING (borrowingID,physicalID,userID,DoB,DoR,DoE) VALUES (13940,5809065,1946,'2021-07-23','2021-08-01','2021-07-30');
INSERT INTO BORROWING (borrowingID,physicalID,userID,DoB,DoR,DoE) VALUES (48725,5828297,1142,'2021-01-17',Null,'2021-01-24');
INSERT INTO BORROWING (borrowingID,physicalID,userID,DoB,DoR,DoE) VALUES (42266,3398774,290,'2021-10-25','2021-10-28','2021-11-01');
INSERT INTO BORROWING (borrowingID,physicalID,userID,DoB,DoR,DoE) VALUES (47622,4424003,924,'2021-09-18',Null,'2021-09-25');
INSERT INTO BORROWING (borrowingID,physicalID,userID,DoB,DoR,DoE) VALUES (23300,8601741,4058,'2021-04-09','2021-04-19','2021-04-16');
INSERT INTO BORROWING (borrowingID,physicalID,userID,DoB,DoR,DoE) VALUES (31266,7602401,3258,'2021-10-26',Null,'2021-11-02');
INSERT INTO BORROWING (borrowingID,physicalID,userID,DoB,DoR,DoE) VALUES (23918,8608741,556,'2021-08-28','2021-09-03','2021-09-04');
INSERT INTO BORROWING (borrowingID,physicalID,userID,DoB,DoR,DoE) VALUES (12790,8205373,866,'2021-07-10',Null,'2021-07-17');
INSERT INTO BORROWING (borrowingID,physicalID,userID,DoB,DoR,DoE) VALUES (22957,2888949,925,'2021-03-24','2021-04-03','2021-03-31');
INSERT INTO BORROWING (borrowingID,physicalID,userID,DoB,DoR,DoE) VALUES (31732,1795490,742,'2021-05-19',Null,'2021-05-26');
INSERT INTO BORROWING (borrowingID,physicalID,userID,DoB,DoR,DoE) VALUES (37137,9616027,3114,'2021-02-26','2021-03-08','2021-03-05');
INSERT INTO BORROWING (borrowingID,physicalID,userID,DoB,DoR,DoE) VALUES (22438,5487538,2439,'2021-06-07',Null,'2021-06-14');
INSERT INTO BORROWING (borrowingID,physicalID,userID,DoB,DoR,DoE) VALUES (10357,4094351,1258,'2021-02-05','2021-02-14','2021-02-12');
INSERT INTO BORROWING (borrowingID,physicalID,userID,DoB,DoR,DoE) VALUES (49750,4889032,236,'2021-09-09',Null,'2021-09-16');
INSERT INTO BORROWING (borrowingID,physicalID,userID,DoB,DoR,DoE) VALUES (25623,6598036,2583,'2021-10-24','2021-10-31','2021-10-31');
INSERT INTO BORROWING (borrowingID,physicalID,userID,DoB,DoR,DoE) VALUES (24520,8282461,4961,'2021-06-16',Null,'2021-06-23');

INSERT INTO BORROWING (borrowingID,physicalID,userID,DoB,DoR,DoE) VALUES (12077,4065340,1702,'2021-08-07',Null,'2021-08-14');
INSERT INTO BORROWING (borrowingID,physicalID,userID,DoB,DoR,DoE) VALUES (38836,6539441,4743,'2021-01-25','2021-01-30','2021-02-01');
INSERT INTO BORROWING (borrowingID,physicalID,userID,DoB,DoR,DoE) VALUES (26274,4240855,1478,'2021-01-02',Null,'2021-01-09');
INSERT INTO BORROWING (borrowingID,physicalID,userID,DoB,DoR,DoE) VALUES (48277,6488009,3509,'2021-02-04','2021-02-10','2021-02-11');
INSERT INTO BORROWING (borrowingID,physicalID,userID,DoB,DoR,DoE) VALUES (27111,9293438,1886,'2021-03-20',Null,'2021-03-27');
INSERT INTO BORROWING (borrowingID,physicalID,userID,DoB,DoR,DoE) VALUES (29070,1251237,3723,'2021-06-25','2021-07-04','2021-07-02');
INSERT INTO BORROWING (borrowingID,physicalID,userID,DoB,DoR,DoE) VALUES (32701,1331299,3215,'2021-08-07',Null,'2021-08-14');
INSERT INTO BORROWING (borrowingID,physicalID,userID,DoB,DoR,DoE) VALUES (45930,3755124,2804,'2021-07-27','2021-08-05','2021-08-03');
INSERT INTO BORROWING (borrowingID,physicalID,userID,DoB,DoR,DoE) VALUES (17541,9733684,957,'2021-04-15',Null,'2021-04-22');
INSERT INTO BORROWING (borrowingID,physicalID,userID,DoB,DoR,DoE) VALUES (10711,3948113,3912,'2021-06-12','2021-06-21','2021-06-19');
INSERT INTO BORROWING (borrowingID,physicalID,userID,DoB,DoR,DoE) VALUES (32575,9577681,2265,'2021-09-24',Null,'2021-10-01');
INSERT INTO BORROWING (borrowingID,physicalID,userID,DoB,DoR,DoE) VALUES (47662,5089982,2223,'2021-03-05','2021-03-12','2021-03-12');
INSERT INTO BORROWING (borrowingID,physicalID,userID,DoB,DoR,DoE) VALUES (33132,8770066,290,'2021-03-05',Null,'2021-03-12');
INSERT INTO BORROWING (borrowingID,physicalID,userID,DoB,DoR,DoE) VALUES (29781,1472126,2997,'2021-08-17','2021-08-23','2021-08-24');
INSERT INTO BORROWING (borrowingID,physicalID,userID,DoB,DoR,DoE) VALUES (34540,3515280,3907,'2021-06-23',Null,'2021-06-30');
INSERT INTO BORROWING (borrowingID,physicalID,userID,DoB,DoR,DoE) VALUES (31907,5394766,332,'2021-09-27','2021-09-29','2021-10-04');
INSERT INTO BORROWING (borrowingID,physicalID,userID,DoB,DoR,DoE) VALUES (11086,6906488,3623,'2021-07-12',Null,'2021-07-19');
INSERT INTO BORROWING (borrowingID,physicalID,userID,DoB,DoR,DoE) VALUES (31865,2066174,3215,'2021-05-19','2021-05-21','2021-05-26');
INSERT INTO BORROWING (borrowingID,physicalID,userID,DoB,DoR,DoE) VALUES (18224,9760826,3486,'2021-01-18',Null,'2021-01-25');
INSERT INTO BORROWING (borrowingID,physicalID,userID,DoB,DoR,DoE) VALUES (23775,2172758,1734,'2021-06-18','2021-06-22','2021-06-25');
INSERT INTO BORROWING (borrowingID,physicalID,userID,DoB,DoR,DoE) VALUES (30074,9875128,718,'2021-10-14',Null,'2021-10-21');
INSERT INTO BORROWING (borrowingID,physicalID,userID,DoB,DoR,DoE) VALUES (21438,8315906,2133,'2021-09-11','2021-09-18','2021-09-18');
INSERT INTO BORROWING (borrowingID,physicalID,userID,DoB,DoR,DoE) VALUES (47422,3042173,4190,'2021-09-20',Null,'2021-09-27');
INSERT INTO BORROWING (borrowingID,physicalID,userID,DoB,DoR,DoE) VALUES (22401,1320159,4082,'2021-02-12','2021-02-17','2021-02-19');
INSERT INTO BORROWING (borrowingID,physicalID,userID,DoB,DoR,DoE) VALUES (46222,5377375,2083,'2021-02-17',Null,'2021-02-24');
INSERT INTO BORROWING (borrowingID,physicalID,userID,DoB,DoR,DoE) VALUES (12603,8101595,3251,'2021-10-12','2021-10-15','2021-10-19');
INSERT INTO BORROWING (borrowingID,physicalID,userID,DoB,DoR,DoE) VALUES (15986,8557119,4058,'2021-05-31',Null,'2021-06-07');
INSERT INTO BORROWING (borrowingID,physicalID,userID,DoB,DoR,DoE) VALUES (28409,9671176,969,'2021-06-06','2021-06-15','2021-06-13');
INSERT INTO BORROWING (borrowingID,physicalID,userID,DoB,DoR,DoE) VALUES (16698,8772094,3509,'2021-10-23',Null,'2021-10-30');
INSERT INTO BORROWING (borrowingID,physicalID,userID,DoB,DoR,DoE) VALUES (36564,6920824,910,'2021-04-23','2021-05-02','2021-04-30');
INSERT INTO BORROWING (borrowingID,physicalID,userID,DoB,DoR,DoE) VALUES (14504,2315439,844,'2021-06-04',Null,'2021-06-11');
INSERT INTO BORROWING (borrowingID,physicalID,userID,DoB,DoR,DoE) VALUES (27345,7058792,4456,'2021-10-13','2021-10-18','2021-10-20');
INSERT INTO BORROWING (borrowingID,physicalID,userID,DoB,DoR,DoE) VALUES (34475,1807745,3396,'2021-09-20',Null,'2021-09-27');
INSERT INTO BORROWING (borrowingID,physicalID,userID,DoB,DoR,DoE) VALUES (36302,3904786,2183,'2021-01-21','2021-01-21','2021-01-28');
INSERT INTO BORROWING (borrowingID,physicalID,userID,DoB,DoR,DoE) VALUES (43605,5890039,3546,'2021-05-13',Null,'2021-05-20');
INSERT INTO BORROWING (borrowingID,physicalID,userID,DoB,DoR,DoE) VALUES (32691,1457959,4859,'2021-08-25','2021-09-04','2021-09-01');
INSERT INTO BORROWING (borrowingID,physicalID,userID,DoB,DoR,DoE) VALUES (40352,5884928,3862,'2021-03-26',Null,'2021-04-02');
INSERT INTO BORROWING (borrowingID,physicalID,userID,DoB,DoR,DoE) VALUES (32091,2243041,3297,'2021-02-03','2021-02-10','2021-02-10');
INSERT INTO BORROWING (borrowingID,physicalID,userID,DoB,DoR,DoE) VALUES (38814,5277191,3348,'2021-04-15',Null,'2021-04-22');
INSERT INTO BORROWING (borrowingID,physicalID,userID,DoB,DoR,DoE) VALUES (49156,2451787,718,'2021-02-08','2021-02-14','2021-02-15');
INSERT INTO BORROWING (borrowingID,physicalID,userID,DoB,DoR,DoE) VALUES (28774,5746123,4268,'2021-09-29',Null,'2021-10-06');
INSERT INTO BORROWING (borrowingID,physicalID,userID,DoB,DoR,DoE) VALUES (29725,6153239,3753,'2021-09-04','2021-09-09','2021-09-11');
INSERT INTO BORROWING (borrowingID,physicalID,userID,DoB,DoR,DoE) VALUES (38067,5488260,1397,'2021-03-10',Null,'2021-03-17');
INSERT INTO BORROWING (borrowingID,physicalID,userID,DoB,DoR,DoE) VALUES (47179,2026211,4890,'2021-04-02','2021-04-09','2021-04-09');
INSERT INTO BORROWING (borrowingID,physicalID,userID,DoB,DoR,DoE) VALUES (40174,9303214,2967,'2021-07-04',Null,'2021-07-11');
INSERT INTO BORROWING (borrowingID,physicalID,userID,DoB,DoR,DoE) VALUES (36146,4853294,4609,'2021-07-01','2021-07-12','2021-07-08');
INSERT INTO BORROWING (borrowingID,physicalID,userID,DoB,DoR,DoE) VALUES (37916,4005240,1946,'2021-08-24',Null,'2021-08-31');
INSERT INTO BORROWING (borrowingID,physicalID,userID,DoB,DoR,DoE) VALUES (38244,8430162,3957,'2021-04-16','2021-04-26','2021-04-23');
INSERT INTO BORROWING (borrowingID,physicalID,userID,DoB,DoR,DoE) VALUES (19545,2525903,183,'2021-03-09',Null,'2021-03-16');
INSERT INTO BORROWING (borrowingID,physicalID,userID,DoB,DoR,DoE) VALUES (30677,4084957,2928,'2021-10-10','2021-10-10','2021-10-17');
INSERT INTO BORROWING (borrowingID,physicalID,userID,DoB,DoR,DoE) VALUES (43401,5377375,1621,'2021-09-25',Null,'2021-10-02');
INSERT INTO BORROWING (borrowingID,physicalID,userID,DoB,DoR,DoE) VALUES (33739,6203819,957,'2021-02-10','2021-02-15','2021-02-17');
INSERT INTO BORROWING (borrowingID,physicalID,userID,DoB,DoR,DoE) VALUES (48093,5633782,2904,'2021-03-18',Null,'2021-03-25');
INSERT INTO BORROWING (borrowingID,physicalID,userID,DoB,DoR,DoE) VALUES (17989,3147448,4407,'2021-02-26','2021-03-01','2021-03-05');
INSERT INTO BORROWING (borrowingID,physicalID,userID,DoB,DoR,DoE) VALUES (30292,9046518,3989,'2021-05-24',Null,'2021-05-31');
INSERT INTO BORROWING (borrowingID,physicalID,userID,DoB,DoR,DoE) VALUES (29828,8079559,3544,'2021-04-01','2021-04-11','2021-04-08');
INSERT INTO BORROWING (borrowingID,physicalID,userID,DoB,DoR,DoE) VALUES (16037,3014546,4373,'2021-10-29',Null,'2021-11-05');
INSERT INTO BORROWING (borrowingID,physicalID,userID,DoB,DoR,DoE) VALUES (11247,9749705,3157,'2021-09-01','2021-09-08','2021-09-08');
INSERT INTO BORROWING (borrowingID,physicalID,userID,DoB,DoR,DoE) VALUES (17206,6835351,4961,'2021-04-21',Null,'2021-04-28');
INSERT INTO BORROWING (borrowingID,physicalID,userID,DoB,DoR,DoE) VALUES (23536,6936664,793,'2021-03-13','2021-03-16','2021-03-20');
INSERT INTO BORROWING (borrowingID,physicalID,userID,DoB,DoR,DoE) VALUES (16402,3215051,2866,'2021-04-05',Null,'2021-04-12');
INSERT INTO BORROWING (borrowingID,physicalID,userID,DoB,DoR,DoE) VALUES (11807,9425280,1139,'2021-06-15','2021-06-21','2021-06-22');

INSERT INTO BORROWING (borrowingID,physicalID,userID,DoB,DoR,DoE) VALUES (36088,3516779,2688,'2021-04-19','2021-04-22','2021-04-26');
INSERT INTO BORROWING (borrowingID,physicalID,userID,DoB,DoR,DoE) VALUES (10802,4275623,3906,'2021-08-06',Null,'2021-08-13');
INSERT INTO BORROWING (borrowingID,physicalID,userID,DoB,DoR,DoE) VALUES (18202,7116658,2175,'2021-02-14','2021-02-24','2021-02-21');
INSERT INTO BORROWING (borrowingID,physicalID,userID,DoB,DoR,DoE) VALUES (22828,7773104,4726,'2021-01-17',Null,'2021-01-24');

INSERT INTO FINES (borrowingID,amount) VALUES (48965,200);
INSERT INTO FINES (borrowingID,amount) VALUES (18956,150);
INSERT INTO FINES (borrowingID,amount) VALUES (21795,50);
INSERT INTO FINES (borrowingID,amount) VALUES (47858,20);
INSERT INTO FINES (borrowingID,amount) VALUES (11652,100);
INSERT INTO FINES (borrowingID,amount) VALUES (25297,20);
INSERT INTO FINES (borrowingID,amount) VALUES (40479,20);
INSERT INTO FINES (borrowingID,amount) VALUES (42871,50);
INSERT INTO FINES (borrowingID,amount) VALUES (27045,20);
INSERT INTO FINES (borrowingID,amount) VALUES (37380,20);
INSERT INTO FINES (borrowingID,amount) VALUES (32186,150);
INSERT INTO FINES (borrowingID,amount) VALUES (20289,150);
INSERT INTO FINES (borrowingID,amount) VALUES (34963,200);
INSERT INTO FINES (borrowingID,amount) VALUES (31165,50);
INSERT INTO FINES (borrowingID,amount) VALUES (42594,150);
INSERT INTO FINES (borrowingID,amount) VALUES (26994,50);
INSERT INTO FINES (borrowingID,amount) VALUES (21987,100);
INSERT INTO FINES (borrowingID,amount) VALUES (28396,20);
INSERT INTO FINES (borrowingID,amount) VALUES (39824,200);
INSERT INTO FINES (borrowingID,amount) VALUES (24847,150);
INSERT INTO FINES (borrowingID,amount) VALUES (32246,200);
INSERT INTO FINES (borrowingID,amount) VALUES (12170,200);
INSERT INTO FINES (borrowingID,amount) VALUES (16493,20);
INSERT INTO FINES (borrowingID,amount) VALUES (22784,150);

INSERT INTO FINES (borrowingID,amount) VALUES (23762,200);
INSERT INTO FINES (borrowingID,amount) VALUES (41898,150);
INSERT INTO FINES (borrowingID,amount) VALUES (47441,100);
INSERT INTO FINES (borrowingID,amount) VALUES (30354,150);
INSERT INTO FINES (borrowingID,amount) VALUES (32081,200);
INSERT INTO FINES (borrowingID,amount) VALUES (31505,20);
INSERT INTO FINES (borrowingID,amount) VALUES (29589,150);
INSERT INTO FINES (borrowingID,amount) VALUES (14893,100);
INSERT INTO FINES (borrowingID,amount) VALUES (38988,100);
INSERT INTO FINES (borrowingID,amount) VALUES (33143,200);
INSERT INTO FINES (borrowingID,amount) VALUES (16457,100);
INSERT INTO FINES (borrowingID,amount) VALUES (17789,200);
INSERT INTO FINES (borrowingID,amount) VALUES (41786,50);
INSERT INTO FINES (borrowingID,amount) VALUES (22996,20);
INSERT INTO FINES (borrowingID,amount) VALUES (48695,100);
INSERT INTO FINES (borrowingID,amount) VALUES (39910,150);
INSERT INTO FINES (borrowingID,amount) VALUES (15941,200);
INSERT INTO FINES (borrowingID,amount) VALUES (29734,100);
INSERT INTO FINES (borrowingID,amount) VALUES (28912,200);
INSERT INTO FINES (borrowingID,amount) VALUES (14651,200);
INSERT INTO FINES (borrowingID,amount) VALUES (21648,50);
INSERT INTO FINES (borrowingID,amount) VALUES (36605,50);
INSERT INTO FINES (borrowingID,amount) VALUES (43530,50);
INSERT INTO FINES (borrowingID,amount) VALUES (41709,200);
INSERT INTO FINES (borrowingID,amount) VALUES (27972,200);
INSERT INTO FINES (borrowingID,amount) VALUES (49269,100);
INSERT INTO FINES (borrowingID,amount) VALUES (28266,200);
INSERT INTO FINES (borrowingID,amount) VALUES (40225,100);
INSERT INTO FINES (borrowingID,amount) VALUES (25665,100);
INSERT INTO FINES (borrowingID,amount) VALUES (40538,150);
INSERT INTO FINES (borrowingID,amount) VALUES (47894,150);
INSERT INTO FINES (borrowingID,amount) VALUES (42724,50);
INSERT INTO FINES (borrowingID,amount) VALUES (17818,200);
INSERT INTO FINES (borrowingID,amount) VALUES (13967,20);
INSERT INTO FINES (borrowingID,amount) VALUES (48997,200);
INSERT INTO FINES (borrowingID,amount) VALUES (12448,100);
INSERT INTO FINES (borrowingID,amount) VALUES (41502,20);
INSERT INTO FINES (borrowingID,amount) VALUES (44524,50);
INSERT INTO FINES (borrowingID,amount) VALUES (34170,150);
INSERT INTO FINES (borrowingID,amount) VALUES (39129,50);
INSERT INTO FINES (borrowingID,amount) VALUES (23083,200);
INSERT INTO FINES (borrowingID,amount) VALUES (14879,200);
INSERT INTO FINES (borrowingID,amount) VALUES (33761,200);
INSERT INTO FINES (borrowingID,amount) VALUES (22107,20);
INSERT INTO FINES (borrowingID,amount) VALUES (18946,200);
INSERT INTO FINES (borrowingID,amount) VALUES (28431,20);
INSERT INTO FINES (borrowingID,amount) VALUES (32947,200);
INSERT INTO FINES (borrowingID,amount) VALUES (37740,50);
INSERT INTO FINES (borrowingID,amount) VALUES (14833,20);
INSERT INTO FINES (borrowingID,amount) VALUES (42043,150);
INSERT INTO FINES (borrowingID,amount) VALUES (40898,200);
INSERT INTO FINES (borrowingID,amount) VALUES (47506,200);
INSERT INTO FINES (borrowingID,amount) VALUES (27400,150);
INSERT INTO FINES (borrowingID,amount) VALUES (32341,50);
INSERT INTO FINES (borrowingID,amount) VALUES (34460,150);
INSERT INTO FINES (borrowingID,amount) VALUES (34830,100);
INSERT INTO FINES (borrowingID,amount) VALUES (22256,150);
INSERT INTO FINES (borrowingID,amount) VALUES (19987,20);
INSERT INTO FINES (borrowingID,amount) VALUES (17424,100);
INSERT INTO FINES (borrowingID,amount) VALUES (25867,100);
INSERT INTO FINES (borrowingID,amount) VALUES (38075,150);
INSERT INTO FINES (borrowingID,amount) VALUES (12102,150);
INSERT INTO FINES (borrowingID,amount) VALUES (44150,20);
INSERT INTO FINES (borrowingID,amount) VALUES (17659,50);
INSERT INTO FINES (borrowingID,amount) VALUES (24361,150);
INSERT INTO FINES (borrowingID,amount) VALUES (19115,20);
INSERT INTO FINES (borrowingID,amount) VALUES (45781,150);
INSERT INTO FINES (borrowingID,amount) VALUES (42546,50);
INSERT INTO FINES (borrowingID,amount) VALUES (48460,50);
INSERT INTO FINES (borrowingID,amount) VALUES (34198,100);
INSERT INTO FINES (borrowingID,amount) VALUES (19917,150);
INSERT INTO FINES (borrowingID,amount) VALUES (33085,100);


INSERT INTO FINES (borrowingID,amount) VALUES (21304,20);
INSERT INTO FINES (borrowingID,amount) VALUES (36451,50);
INSERT INTO FINES (borrowingID,amount) VALUES (20736,200);
INSERT INTO FINES (borrowingID,amount) VALUES (43744,150);
INSERT INTO FINES (borrowingID,amount) VALUES (18617,200);
INSERT INTO FINES (borrowingID,amount) VALUES (42029,150);
INSERT INTO FINES (borrowingID,amount) VALUES (29040,200);
INSERT INTO FINES (borrowingID,amount) VALUES (13940,50);
INSERT INTO FINES (borrowingID,amount) VALUES (23300,20);
INSERT INTO FINES (borrowingID,amount) VALUES (22957,150);
INSERT INTO FINES (borrowingID,amount) VALUES (37137,20);
INSERT INTO FINES (borrowingID,amount) VALUES (10357,20);
INSERT INTO FINES (borrowingID,amount) VALUES (29070,50);
INSERT INTO FINES (borrowingID,amount) VALUES (45930,150);
INSERT INTO FINES (borrowingID,amount) VALUES (10711,50);
INSERT INTO FINES (borrowingID,amount) VALUES (28409,50);
INSERT INTO FINES (borrowingID,amount) VALUES (36564,50);
INSERT INTO FINES (borrowingID,amount) VALUES (32691,50);
INSERT INTO FINES (borrowingID,amount) VALUES (36146,50);
INSERT INTO FINES (borrowingID,amount) VALUES (38244,20);
INSERT INTO FINES (borrowingID,amount) VALUES (29828,50);
INSERT INTO FINES (borrowingID,amount) VALUES (18202,20);

INSERT INTO TRANSACTIONS (transactionID,borrowingID,paymentMethod,DoP) VALUES (3898,14893,'Swish','2021-11-28');
INSERT INTO TRANSACTIONS (transactionID,borrowingID,paymentMethod,DoP) VALUES (6571,49269,'Cash','2021-05-26');
INSERT INTO TRANSACTIONS (transactionID,borrowingID,paymentMethod,DoP) VALUES (1167,39824,'Klarna','2021-04-22');
INSERT INTO TRANSACTIONS (transactionID,borrowingID,paymentMethod,DoP) VALUES (5712,16493 ,'Cash','2021-11-12'); 
INSERT INTO TRANSACTIONS (transactionID,borrowingID,paymentMethod,DoP) VALUES (4602,15941,'Cash','2021-03-30'); 
INSERT INTO TRANSACTIONS (transactionID,borrowingID,paymentMethod,DoP) VALUES (2308,36451,'Card','2021-04-01'); 
INSERT INTO TRANSACTIONS (transactionID,borrowingID,paymentMethod,DoP) VALUES (8005,25297,'Cash','2021-09-02'); 
INSERT INTO TRANSACTIONS (transactionID,borrowingID,paymentMethod,DoP) VALUES (8198,28431,'Card','2021-09-16'); 
INSERT INTO TRANSACTIONS (transactionID,borrowingID,paymentMethod,DoP) VALUES (6429,40479,'Klarna','2021-10-10'); 
INSERT INTO TRANSACTIONS (transactionID,borrowingID,paymentMethod,DoP) VALUES (8856,10711,'Card','2021-09-30');
INSERT INTO TRANSACTIONS (transactionID,borrowingID,paymentMethod,DoP) VALUES (4623,10357,'Cash','2021-02-15'); 
INSERT INTO TRANSACTIONS (transactionID,borrowingID,paymentMethod,DoP) VALUES (2606,37380,'Card','2021-02-07');
INSERT INTO TRANSACTIONS (transactionID,borrowingID,paymentMethod,DoP) VALUES (9141,34963,'Swish','2021-05-13');
INSERT INTO TRANSACTIONS (transactionID,borrowingID,paymentMethod,DoP) VALUES (1499,17424,'Card','2021-09-25'); 
INSERT INTO TRANSACTIONS (transactionID,borrowingID,paymentMethod,DoP) VALUES (3242,26994,'Klarna','2021-03-12'); 
INSERT INTO TRANSACTIONS (transactionID,borrowingID,paymentMethod,DoP) VALUES (8961,28396,'Klarna','2021-03-02'); 
INSERT INTO TRANSACTIONS (transactionID,borrowingID,paymentMethod,DoP) VALUES (2407,37740,'Card','2021-09-22'); 

INSERT INTO Prequels (bookID,prequelID) VALUES (30553,2985); 
INSERT INTO Prequels (bookID,prequelID) VALUES (2985,7458); 
INSERT INTO Prequels (bookID,prequelID) VALUES (8713,74532); 
INSERT INTO Prequels (bookID,prequelID) VALUES (74532,90293); 
INSERT INTO Prequels (bookID,prequelID) VALUES (90293,37822); 
INSERT INTO Prequels (bookID,prequelID) VALUES (37822,3747); 
INSERT INTO Prequels (bookID,prequelID) VALUES (3747,51843); 
INSERT INTO Prequels (bookID,prequelID) VALUES (51843,76418); 
INSERT INTO Prequels (bookID,prequelID) VALUES (3947,17696);
INSERT INTO Prequels (bookID,prequelID) VALUES (17696,29287);
INSERT INTO Prequels (bookID,prequelID) VALUES (29287,41121);
INSERT INTO Prequels (bookID,prequelID) VALUES (41121,80429);
INSERT INTO Prequels (bookID,prequelID) VALUES (57724,93084);
INSERT INTO Prequels (bookID,prequelID) VALUES (93084,84640);
INSERT INTO Prequels (bookID,prequelID) VALUES (84640,96777);
INSERT INTO Prequels (bookID,prequelID) VALUES (96777,93091);
INSERT INTO Prequels (bookID,prequelID) VALUES (60532,45980); 
INSERT INTO Prequels (bookID,prequelID) VALUES (43196,53891);
INSERT INTO Prequels (bookID,prequelID) VALUES (1871,5035);

INSERT INTO Borrowing(BorrowingID,physicalID,userID,DoB,DoR,DoE) VALUES(99, 6534462,1,'2021-03-01','2021-03-20','2021-03-08');
INSERT INTO Fines(BorrowingID,amount) VALUES(99,1000);
INSERT INTO Borrowing(BorrowingID,physicalID,userID,DoB,DoR,DoE) VALUES(22,8282461,2,'2021-05-05','2021-05-30','2021-05-12'); 
INSERT INTO Fines(BorrowingID,amount) VALUES(22,1000);
INSERT INTO Borrowing(BorrowingID,physicalID,userID,DoB,DoR,DoE) VALUES(33,3498540 ,3,'2021-05-05','2021-05-30','2021-05-12'); 
INSERT INTO Fines(BorrowingID,amount) VALUES(33,1000);
INSERT INTO Borrowing(BorrowingID,physicalID,userID,DoB,DoR,DoE) VALUES(44, 7527707,4,'2021-10-11','2021-10-31','2021-10-18');
INSERT INTO Fines(BorrowingID,amount) VALUES(44,1000);
INSERT INTO Borrowing(BorrowingID,physicalID,userID,DoB,DoR,DoE) VALUES(55,  3929726,7,'2021-10-12','2021-11-01','2021-10-19');
INSERT INTO Fines(BorrowingID,amount) VALUES(55,1050); 
INSERT INTO Borrowing(BorrowingID,physicalID,userID,DoB,DoR,DoE) VALUES(66, 6425786,3,'2021-10-12','2021-11-01','2021-10-19');
INSERT INTO Fines(BorrowingID,amount) VALUES(66,1444); 
INSERT INTO Borrowing(BorrowingID,physicalID,userID,DoB,DoR,DoE) VALUES(574,  1056415,4,'2021-10-12','2021-10-22','2021-10-19');
INSERT INTO Fines(BorrowingID,amount) VALUES(574,500); 
INSERT INTO Borrowing(BorrowingID,physicalID,userID,DoB,DoR,DoE) VALUES(869,  8163177,2,'2021-05-11','2021-05-21','2021-05-18');
INSERT INTO Fines(BorrowingID,amount) VALUES(869,400); 
INSERT INTO Borrowing(BorrowingID,physicalID,userID,DoB,DoR,DoE) VALUES(12, 8262884,5,'2021-02-12','2021-03-01','2021-02-19');
INSERT INTO Fines(BorrowingID,amount) VALUES(12,1434);
INSERT INTO Borrowing(BorrowingID,physicalID,userID,DoB,DoR,DoE) VALUES(690,  8163177,3,'2021-06-11','2021-06-20','2021-06-18');
INSERT INTO Fines(BorrowingID,amount) VALUES(690,400); 
INSERT INTO Borrowing(BorrowingID,physicalID,userID,DoB,DoR,DoE) VALUES(809,  8163177,1,'2021-01-10','2021-01-19','2021-01-17');
INSERT INTO Fines(BorrowingID,amount) VALUES(809,600);
INSERT INTO Borrowing(BorrowingID,physicalID,userID,DoB,DoR,DoE) VALUES(16, 7432942 ,1,'2021-05-12','2021-06-01','2021-05-19');
INSERT INTO Fines(BorrowingID,amount) VALUES(16,900);
INSERT INTO Borrowing(BorrowingID,physicalID,userID,DoB,DoR,DoE) VALUES(17, 7432942 ,6,'2021-07-12','2021-08-01','2021-07-19');
INSERT INTO Fines(BorrowingID,amount) VALUES(17,930);
INSERT INTO Borrowing(BorrowingID,physicalID,userID,DoB,DoR,DoE) VALUES(111,  4362972,1,'2021-01-10','2021-01-20','2021-01-17');
INSERT INTO Fines(BorrowingID,amount) VALUES(111,600);
INSERT INTO Borrowing(BorrowingID,physicalID,userID,DoB,DoR,DoE) VALUES(222,  4362972,2,'2021-02-10','2021-02-20','2021-02-17');
INSERT INTO Fines(BorrowingID,amount) VALUES(222,900);
INSERT INTO Borrowing(BorrowingID,physicalID,userID,DoB,DoR,DoE) VALUES(65, 7432942 ,1,'2021-05-12','2021-06-01','2021-05-19');
INSERT INTO Fines(BorrowingID,amount) VALUES(65,900);
INSERT INTO Borrowing(BorrowingID,physicalID,userID,DoB,DoR,DoE) VALUES(91, 3473187,3,'2021-10-02','2021-10-22','2021-10-09');
INSERT INTO Fines(BorrowingID,amount) VALUES(91,930);
INSERT INTO Borrowing(BorrowingID,physicalID,userID,DoB,DoR,DoE) VALUES(345,  4362972,2,'2021-04-13','2021-04-23','2021-04-20');
INSERT INTO Fines(BorrowingID,amount) VALUES(345,2000);
INSERT INTO Borrowing(BorrowingID,physicalID,userID,DoB,DoR,DoE) VALUES(37, 7432942 ,5,'2021-06-12','2021-07-01','2021-06-19');
INSERT INTO Fines(BorrowingID,amount) VALUES(37,900);
INSERT INTO Borrowing(BorrowingID,physicalID,userID,DoB,DoR,DoE) VALUES(53, 3473187,6,'2021-05-02','2021-05-22','2021-05-09');
INSERT INTO Fines(BorrowingID,amount) VALUES(53,930);
INSERT INTO Borrowing(BorrowingID,physicalID,userID,DoB,DoR,DoE) VALUES(83, 9728534 ,5,'2021-06-12','2021-07-01','2021-06-19');
INSERT INTO Fines(BorrowingID,amount) VALUES(83,900);
INSERT INTO Borrowing(BorrowingID,physicalID,userID,DoB,DoR,DoE) VALUES(64, 4459440,6,'2021-05-02','2021-05-22','2021-05-09');
INSERT INTO Fines(BorrowingID,amount) VALUES(64,930);

INSERT INTO GENRE (bookID,genre) VALUES (75419,'Sci-fi');
INSERT INTO GENRE (bookID,genre) VALUES (80760,'Fantasy');
INSERT INTO GENRE (bookID,genre) VALUES (38768,'Fantasy');
INSERT INTO GENRE (bookID,genre) VALUES (56110,'Fantasy');
INSERT INTO GENRE (bookID,genre) VALUES (97153,'Fantasy');
INSERT INTO GENRE (bookID,genre) VALUES (23646,'Fantasy');
INSERT INTO GENRE (bookID,genre) VALUES (34102,'Fantasy');
INSERT INTO GENRE (bookID,genre) VALUES (67114,'Romantic');
INSERT INTO GENRE (bookID,genre) VALUES (8951,'Southern');
INSERT INTO GENRE (bookID,genre) VALUES (3650,'Romantic');
INSERT INTO GENRE (bookID,genre) VALUES (87152,'Romantic');
INSERT INTO GENRE (bookID,genre) VALUES (51683,'Romantic');
INSERT INTO GENRE (bookID,genre) VALUES (91357,'Romantic');
INSERT INTO GENRE (bookID,genre) VALUES (18965,'Western');
INSERT INTO GENRE (bookID,genre) VALUES (39981,'Documentary');
INSERT INTO GENRE (bookID,genre) VALUES (66749,'Documentary');
INSERT INTO GENRE (bookID,genre) VALUES (45980,'Documentary');
INSERT INTO GENRE (bookID,genre) VALUES (60532,'Documentary');
INSERT INTO GENRE (bookID,genre) VALUES (62214,'Documentary');
INSERT INTO GENRE (bookID,genre) VALUES (17287,'Northen');
INSERT INTO GENRE (bookID,genre) VALUES (41290,'Western');
INSERT INTO GENRE (bookID,genre) VALUES (60479,'RomCom');
INSERT INTO GENRE (bookID,genre) VALUES (22374,'Western');
INSERT INTO GENRE (bookID,genre) VALUES (85058,'Western');
INSERT INTO GENRE (bookID,genre) VALUES (39011,'Western');
INSERT INTO GENRE (bookID,genre) VALUES (99938,'Western');
INSERT INTO GENRE (bookID,genre) VALUES (65670,'Western');
INSERT INTO GENRE (bookID,genre) VALUES (5035,'Action');
INSERT INTO GENRE (bookID,genre) VALUES (7413,'Action');
INSERT INTO GENRE (bookID,genre) VALUES (95660,'Action');
INSERT INTO GENRE (bookID,genre) VALUES (48515,'Action');
INSERT INTO GENRE (bookID,genre) VALUES (7922,'Action');
INSERT INTO GENRE (bookID,genre) VALUES (51757,'Action');
INSERT INTO GENRE (bookID,genre) VALUES (58949,'Action');
INSERT INTO GENRE (bookID,genre) VALUES (37642,'Action');
INSERT INTO GENRE (bookID,genre) VALUES (27606,'Action');
INSERT INTO GENRE (bookID,genre) VALUES (54746,'Northen');
INSERT INTO GENRE (bookID,genre) VALUES (95305,'Northen');
INSERT INTO GENRE (bookID,genre) VALUES (10697,'Northen');
INSERT INTO GENRE (bookID,genre) VALUES (78451,'Northen');
INSERT INTO GENRE (bookID,genre) VALUES (72286,'Northen');
INSERT INTO GENRE (bookID,genre) VALUES (7004,'Northen');
INSERT INTO GENRE (bookID,genre) VALUES (91386,'Comedy');
INSERT INTO GENRE (bookID,genre) VALUES (95650,'Comedy');
INSERT INTO GENRE (bookID,genre) VALUES (98193,'Comedy');
INSERT INTO GENRE (bookID,genre) VALUES (50994,'Spooky');
INSERT INTO GENRE (bookID,genre) VALUES (2249,'Comedy');

INSERT INTO GENRE (bookID,genre) VALUES (27709,'Course litterature');
INSERT INTO GENRE (bookID,genre) VALUES (30568,'Course litterature');
INSERT INTO GENRE (bookID,genre) VALUES (86666,'Course litterature');
INSERT INTO GENRE (bookID,genre) VALUES (59549,'Course litterature');
INSERT INTO GENRE (bookID,genre) VALUES (88259,'Course litterature');
INSERT INTO GENRE (bookID,genre) VALUES (30200,'Course litterature');
INSERT INTO GENRE (bookID,genre) VALUES (33853,'Course litterature');
INSERT INTO GENRE (bookID,genre) VALUES (39230,'Course litterature');
INSERT INTO GENRE (bookID,genre) VALUES (70130,'Spooky');
INSERT INTO GENRE (bookID,genre) VALUES (14393,'Thriller');
INSERT INTO GENRE (bookID,genre) VALUES (95220,'Thriller');
INSERT INTO GENRE (bookID,genre) VALUES (9824,'Thriller');
INSERT INTO GENRE (bookID,genre) VALUES (86932,'Thriller');
INSERT INTO GENRE (bookID,genre) VALUES (75155,'Thriller');
INSERT INTO GENRE (bookID,genre) VALUES (50047,'Thriller');
INSERT INTO GENRE (bookID,genre) VALUES (58442,'Thriller');
INSERT INTO GENRE (bookID,genre) VALUES (34095,'Thriller');
INSERT INTO GENRE (bookID,genre) VALUES (20244,'Thriller');
INSERT INTO GENRE (bookID,genre) VALUES (93630,'Thriller');
INSERT INTO GENRE (bookID,genre) VALUES (77652,'RomCom');
INSERT INTO GENRE (bookID,genre) VALUES (28878,'RomCom');
INSERT INTO GENRE (bookID,genre) VALUES (86535,'RomCom');


INSERT INTO GENRE (bookID,genre) VALUES (88005,'RomCom');
INSERT INTO GENRE (bookID,genre) VALUES (73221,'RomCom');
INSERT INTO GENRE (bookID,genre) VALUES (22662,'RomCom');
INSERT INTO GENRE (bookID,genre) VALUES (58947,'Horror');
INSERT INTO GENRE (bookID,genre) VALUES (15000,'Horror');
INSERT INTO GENRE (bookID,genre) VALUES (27050,'Horror');
INSERT INTO GENRE (bookID,genre) VALUES (72055,'Horror');
INSERT INTO GENRE (bookID,genre) VALUES (84808,'Horror');
INSERT INTO GENRE (bookID,genre) VALUES (43706,'Horror');
INSERT INTO GENRE (bookID,genre) VALUES (63645,'Horror');
INSERT INTO GENRE (bookID,genre) VALUES (62705,'Horror');
INSERT INTO GENRE (bookID,genre) VALUES (69453,'Western');
INSERT INTO GENRE (bookID,genre) VALUES (42916,'Spooky');


INSERT INTO GENRE (bookID,genre) VALUES (66093,'Comedy');
INSERT INTO GENRE (bookID,genre) VALUES (84509,'Comedy');
INSERT INTO GENRE (bookID,genre) VALUES (48722,'Comedy');
INSERT INTO GENRE (bookID,genre) VALUES (34337,'Comedy');
INSERT INTO GENRE (bookID,genre) VALUES (80013,'Comedy');
INSERT INTO GENRE (bookID,genre) VALUES (84730,'Comedy');
INSERT INTO GENRE (bookID,genre) VALUES (92565,'Sci-fi');
INSERT INTO GENRE (bookID,genre) VALUES (47386,'Sci-fi');
INSERT INTO GENRE (bookID,genre) VALUES (99672,'Sci-fi');
INSERT INTO GENRE (bookID,genre) VALUES (70742,'Sci-fi');

INSERT INTO GENRE (bookID,genre) VALUES (16683,'Sci-fi');
INSERT INTO GENRE (bookID,genre) VALUES (91117,'Sci-fi');
INSERT INTO GENRE (bookID,genre) VALUES (84936,'Eastern');
INSERT INTO GENRE (bookID,genre) VALUES (68052,'Eastern');
INSERT INTO GENRE (bookID,genre) VALUES (28974,'Eastern');
INSERT INTO GENRE (bookID,genre) VALUES (50776,'Eastern');
INSERT INTO GENRE (bookID,genre) VALUES (57296,'Eastern');
INSERT INTO GENRE (bookID,genre) VALUES (52099,'Eastern');
INSERT INTO GENRE (bookID,genre) VALUES (57981,'Eastern');
INSERT INTO GENRE (bookID,genre) VALUES (70579,'Eastern');
INSERT INTO GENRE (bookID,genre) VALUES (11086,'Eastern');
INSERT INTO GENRE (bookID,genre) VALUES (55340,'Eastern');
INSERT INTO GENRE (bookID,genre) VALUES (91511,'Eastern');
INSERT INTO GENRE (bookID,genre) VALUES (25359,'Southern');